,tax.press.materials.california.exemption.trial.arkansas.privacy.sales.right,ordinance.city.public.ordinances.streets.park.license.regulation.permit.religious,school.religious.schools.religion.establishment.clause.education.program.district.students,grand.jury.privilege.press.information.senator.debate.legislative.criminal.subpoena,candidates.candidate.political.election.contributions.party.campaign.expenditures.disclosure.contribution,limits.election.federal.buckley.contributions.bcra.campaign.contribution.candidates.candidate,employees.public.labor.employee.union.picketing.concern.speech.employment.government,speech.government.interest.post.district.jj.states.interests.act.united,district.judgment.injunction.review.action.appeals.order.motion.judicial.jurisdiction,advertising.commercial.speech.regulations.broadcasting.information.marketing.central.puerto.fcc,statements.false.jury.new.damages.york.malice.times.trial.actual,prison.religious.inmates.rfra.exercise.religion.inmate.free.prisoners.security,forum.speech.university.student.policy.access.program.viewpoint.students.message,foreign.agents.snepps.information.snepp.cia.plaintiffs.terrorist.intelligence.trust,communist.party.organization.board.registration.foreign.act.organizations.control.movement,act.congress.united.states.members.rights.committee.activities.right.questions,conviction.flag.speech.freedom.words.convicted.violence.criminal.peace.free,general.attorney.briefs.cause.solicitor.assistant.deputy.jr.john.urging,obscene.obscenity.material.film.films.materials.standards.exhibition.sexual.children,mr.said.plaintiff.office.evidence.defendants.paper.stated.prosecution.matter,syllabus,index
1,0.001525941,0,0.003560529,0.001525941,0,0,0.002543235,0,0,0,0.008138352,0,0,0.000508647,0.00508647,0,0,0.002034588,0.000508647,0.97456765,syllabus1,0
2,0,0,0,0,0.068181818,0,0,0,0.265151515,0,0,0,0,0,0,0.136363636,0,0,0,0.53030303,syllabus2,1
3,0.003030303,0,0,0.024242424,0.024242424,0.018181818,0,0,0.254545455,0.003030303,0.151515152,0.003030303,0,0,0.012121212,0,0.063636364,0.009090909,0,0.433333333,syllabus3,2
4,0.00817757,0.067757009,0.002336449,0.002336449,0.061915888,0,0.002336449,0,0.029205607,0,0.003504673,0.002336449,0,0.001168224,0.087616822,0.045560748,0.012850467,0,0.578271028,0.094626168,syllabus4,3
5,0,0,0,0.06557377,0.008196721,0,0,0,0.016393443,0.008196721,0.008196721,0.008196721,0,0.008196721,0.008196721,0.106557377,0.56557377,0,0,0.196721311,syllabus5,4
6,0.012048193,0,0.006024096,0,0,0,0,0.060240964,0,0,0,0,0,0,0,0.042168675,0.289156627,0,0.012048193,0.578313253,syllabus6,5
7,0,0,0,0,0,0,0,0.102803738,0,0,0,0,0.046728972,0,0.056074766,0.140186916,0.196261682,0,0,0.457943925,syllabus7,6
8,0,0,0,0,0,0,0,0,0.017241379,0,0.017241379,0,0,0,0,0.293103448,0.24137931,0,0,0.431034483,syllabus8,7
9,0,0.018867925,0.018867925,0,0.018867925,0,0,0.018867925,0.547169811,0,0,0,0,0,0.037735849,0.075471698,0.188679245,0,0,0.075471698,syllabus9,8
10,0,0,0,0,0,0,0,0,0.05,0,0.025,0,0,0,0,0.2625,0.5,0,0,0.1625,syllabus10,9
11,0,0,0,0,0,0,0,0,0,0,0.260089686,0,0,0.004484305,0.049327354,0.165919283,0.206278027,0,0,0.313901345,syllabus11,10
12,0.153846154,0,0.015384615,0.015384615,0,0,0.061538462,0,0,0,0,0,0,0.015384615,0,0.2,0.292307692,0,0.015384615,0.230769231,syllabus12,11
13,0,0.005405405,0,0.086486486,0,0,0,0,0.232432432,0,0.005405405,0,0,0,0.043243243,0.243243243,0,0,0,0.383783784,syllabus13,12
14,0.02811245,0.008032129,0,0.036144578,0,0,0.008032129,0.040160643,0,0,0.020080321,0,0,0.012048193,0,0,0.767068273,0,0,0.080321285,syllabus14,13
15,0,0.003816794,0,0,0.011450382,0,0.003816794,0,0.27480916,0,0,0,0.003816794,0,0.057251908,0.141221374,0.503816794,0,0,0,syllabus15,14
16,0,0.014492754,0,0.007246377,0,0.007246377,0,0,0.036231884,0,0.007246377,0,0,0,0.086956522,0.007246377,0.47826087,0,0,0.355072464,syllabus16,15
17,0,0.011695906,0,0.023391813,0,0,0.005847953,0,0.070175439,0,0,0.01754386,0,0,0.093567251,0.011695906,0.719298246,0.011695906,0,0.035087719,syllabus17,16
18,0.004716981,0,0.08490566,0.009433962,0.004716981,0.014150943,0,0.009433962,0,0,0.014150943,0,0.004716981,0.066037736,0,0,0.660377358,0.004716981,0,0.122641509,syllabus18,17
19,0.161825726,0,0,0,0,0,0.004149378,0,0.136929461,0,0.165975104,0,0,0,0,0,0.107883817,0,0,0.423236515,syllabus19,18
20,0,0.010752688,0.010752688,0,0.043010753,0,0,0,0.021505376,0,0,0,0,0.032258065,0,0.139784946,0.731182796,0,0.010752688,0,syllabus20,19
21,0,0,0,0,0.06547619,0,0.011904762,0.06547619,0.119047619,0,0,0,0,0,0.047619048,0.077380952,0.601190476,0,0.011904762,0,syllabus21,20
22,0.066666667,0.444444444,0,0.011111111,0,0,0,0,0.1,0,0,0,0,0,0,0,0.377777778,0,0,0,syllabus22,21
23,0.00203666,0.193482688,0,0.012219959,0,0,0.00814664,0.032586558,0.187372709,0.00203666,0,0,0,0.010183299,0.00203666,0.397148676,0.083503055,0,0.00203666,0.067209776,syllabus23,22
24,0,0.613065327,0,0.110552764,0.010050251,0.005025126,0,0.015075377,0.005025126,0,0,0,0,0.005025126,0,0.045226131,0.190954774,0,0,0,syllabus24,23
25,0,0,0.555555556,0,0,0.007936508,0.023809524,0,0.063492063,0,0,0.063492063,0,0,0.03968254,0.119047619,0.126984127,0,0,0,syllabus25,24
26,0.034602076,0,0,0,0,0.010380623,0.148788927,0.155709343,0.020761246,0,0,0,0,0,0.010380623,0,0.53633218,0,0,0.083044983,syllabus26,25
27,0,0.153846154,0.051282051,0.025641026,0,0,0.051282051,0,0,0,0,0,0,0,0,0,0.717948718,0,0,0,syllabus27,26
28,0,0.142222222,0.08,0,0,0.013333333,0,0.04,0.142222222,0,0,0.008888889,0,0.004444444,0,0.128888889,0.36,0,0,0.08,syllabus28,27
29,0,0.676923077,0,0,0,0,0.007692308,0.092307692,0.007692308,0.007692308,0.015384615,0,0,0,0,0.015384615,0.084615385,0,0,0.092307692,syllabus29,28
30,0,0,0,0.037974684,0,0,0.056962025,0.240506329,0.050632911,0,0,0,0.012658228,0,0,0,0.493670886,0.006329114,0,0.101265823,syllabus30,29
31,0,0.085714286,0,0,0,0.014285714,0.4,0,0.085714286,0,0.271428571,0,0,0,0,0.014285714,0.057142857,0,0.014285714,0.057142857,syllabus31,30
32,0.016666667,0.45,0.016666667,0,0,0,0,0.016666667,0.266666667,0.083333333,0,0,0,0,0,0,0,0,0,0.15,syllabus32,31
33,0,0,0,0,0,0.010526316,0,0,0,0.010526316,0.094736842,0,0,0,0.010526316,0,0.778947368,0.063157895,0,0.031578947,syllabus33,32
34,0,0.513513514,0,0.027027027,0,0.027027027,0,0,0,0,0,0,0,0,0,0,0.432432432,0,0,0,syllabus34,33
35,0,0,0.015873016,0,0,0,0,0.253968254,0,0,0.015873016,0.047619048,0,0.015873016,0,0,0.492063492,0.126984127,0.031746032,0,syllabus35,34
36,0,0,0.275510204,0,0,0,0,0,0.336734694,0,0,0,0.071428571,0,0.020408163,0.010204082,0.285714286,0,0,0,syllabus36,35
37,0.112903226,0.459677419,0.024193548,0,0,0.024193548,0,0.016129032,0,0,0,0,0,0,0.032258065,0.201612903,0.129032258,0,0,0,syllabus37,36
38,0.018518519,0.481481481,0,0,0,0.074074074,0,0,0.259259259,0,0,0,0,0,0,0,0.166666667,0,0,0,syllabus38,37
39,0,0,0,0,0,0,0,0.015267176,0.099236641,0,0,0,0.007633588,0.083969466,0.129770992,0.236641221,0.236641221,0,0.030534351,0.160305344,syllabus39,38
40,0,0,0.170940171,0.017094017,0,0,0,0.085470085,0.188034188,0,0.358974359,0,0,0,0.017094017,0.008547009,0.145299145,0,0,0.008547009,syllabus40,39
41,0.090909091,0.515151515,0,0,0,0,0,0,0,0,0,0,0,0.060606061,0,0,0.303030303,0.03030303,0,0,syllabus41,40
42,0,0.089171975,0,0,0,0.006369427,0.108280255,0.146496815,0.108280255,0,0.01910828,0,0,0,0.082802548,0,0.426751592,0.012738854,0,0,syllabus42,41
43,0,0.006329114,0,0,0.126582278,0.006329114,0.050632911,0.120253165,0.120253165,0,0.056962025,0,0.063291139,0,0,0.35443038,0.094936709,0,0,0,syllabus43,42
44,0,0.239583333,0.114583333,0.010416667,0.010416667,0,0,0,0.010416667,0,0,0,0,0,0,0.114583333,0.5,0,0,0,syllabus44,43
45,0.022727273,0.409090909,0,0,0,0.011363636,0.079545455,0,0.011363636,0,0,0.045454545,0,0,0.011363636,0.034090909,0.352272727,0.022727273,0,0,syllabus45,44
46,0,0,0.002427184,0,0.123786408,0.007281553,0.276699029,0.126213592,0.262135922,0.004854369,0,0,0,0,0,0.196601942,0,0,0,0,syllabus46,45
47,0.215384615,0,0,0.015384615,0,0,0.007692308,0.184615385,0.069230769,0,0.238461538,0.007692308,0,0,0,0.015384615,0.246153846,0,0,0,syllabus47,46
48,0.004237288,0.004237288,0,0.008474576,0,0,0.11440678,0.266949153,0.220338983,0.076271186,0,0,0,0.008474576,0.004237288,0.127118644,0.165254237,0,0,0,syllabus48,47
49,0,0,0,0,0,0,0,0.056179775,0.719101124,0.02247191,0.157303371,0,0,0,0,0,0,0.04494382,0,0,syllabus49,48
50,0,0,0.658823529,0.011764706,0,0,0.058823529,0,0.182352941,0,0,0,0,0,0,0.088235294,0,0,0,0,syllabus50,49
51,0,0,0.072463768,0,0,0,0,0,0,0,0.144927536,0,0,0,0.014492754,0,0.463768116,0,0.304347826,0,syllabus51,50
52,0,0.713810316,0.003327787,0.021630616,0,0,0,0.06156406,0.003327787,0.001663894,0.001663894,0,0,0,0,0.044925125,0.104825291,0,0.001663894,0.041597338,syllabus52,51
53,0,0.510638298,0,0,0.021276596,0,0.021276596,0,0,0,0.085106383,0,0,0,0,0.021276596,0.340425532,0,0,0,syllabus53,52
54,0.007352941,0.007352941,0,0,0.014705882,0,0.301470588,0,0.139705882,0,0,0,0,0,0,0.080882353,0.448529412,0,0,0,syllabus54,53
55,0.075,0.116666667,0,0,0,0,0,0,0,0,0.1,0,0,0,0,0.016666667,0.675,0,0,0.016666667,syllabus55,54
56,0.03125,0,0,0.010416667,0,0,0,0,0,0,0,0,0,0,0.0625,0.166666667,0.729166667,0,0,0,syllabus56,55
57,0.02173913,0,0.02173913,0,0,0.02173913,0,0,0.086956522,0.02173913,0,0,0,0,0,0.326086957,0,0.02173913,0.47826087,0,syllabus57,56
58,0,0,0.008219178,0.01369863,0.02739726,0.019178082,0.301369863,0.169863014,0.02739726,0,0.002739726,0,0,0.019178082,0.2,0.210958904,0,0,0,0,syllabus58,57
59,0.016129032,0,0,0,0,0,0.233870968,0.040322581,0.048387097,0.008064516,0,0.080645161,0,0.008064516,0.032258065,0,0.451612903,0,0,0.080645161,syllabus59,58
60,0,0,0,0,0,0,0.657894737,0,0.105263158,0,0,0,0,0,0,0,0.236842105,0,0,0,syllabus60,59
61,0.033333333,0,0.044444444,0,0,0,0.544444444,0.044444444,0.033333333,0,0,0,0.011111111,0,0,0,0.233333333,0.033333333,0,0.022222222,syllabus61,60
62,0,0.685534591,0,0,0,0,0,0.150943396,0.081761006,0,0,0,0,0,0,0,0.081761006,0,0,0,syllabus62,61
63,0,0.611111111,0,0,0,0,0.044444444,0,0.211111111,0,0,0.022222222,0,0,0,0,0.088888889,0,0,0.022222222,syllabus63,62
64,0.028301887,0,0,0.018867925,0,0,0,0.179245283,0,0.009433962,0,0,0,0.009433962,0,0,0.745283019,0,0,0.009433962,syllabus64,63
65,0,0,0.018348624,0,0,0,0.431192661,0,0.19266055,0,0,0,0,0,0.174311927,0.183486239,0,0,0,0,syllabus65,64
66,0,0.026785714,0,0.089285714,0.026785714,0,0,0.0625,0.089285714,0,0.098214286,0,0,0.017857143,0,0.589285714,0,0,0,0,syllabus66,65
67,0,0,0,0,0,0,0,0.021428571,0,0,0,0,0,0,0.135714286,0.228571429,0.521428571,0,0,0.092857143,syllabus67,66
68,0.143646409,0.508287293,0,0,0.005524862,0,0,0,0,0,0,0.005524862,0,0.022099448,0.049723757,0.143646409,0.110497238,0,0,0.011049724,syllabus68,67
69,0,0.109649123,0.004385965,0,0.043859649,0,0.061403509,0,0.219298246,0,0,0,0,0,0.144736842,0.25,0.166666667,0,0,0,syllabus69,68
70,0,0,0.10880829,0,0,0.005181347,0,0,0.331606218,0.005181347,0.005181347,0,0,0,0.113989637,0.025906736,0.393782383,0,0.010362694,0,syllabus70,69
71,0,0,0,0,0,0.009677419,0,0,0.229032258,0,0,0.003225806,0,0,0.070967742,0.661290323,0,0.025806452,0,0,syllabus71,70
72,0,0,0,0.034782609,0,0,0.026086957,0.017391304,0.191304348,0,0,0,0,0.008695652,0.026086957,0.634782609,0.026086957,0.034782609,0,0,syllabus72,71
73,0,0,0.027027027,0,0,0,0,0,0.128378378,0,0.121621622,0.006756757,0.013513514,0,0,0,0.608108108,0.013513514,0.006756757,0.074324324,syllabus73,72
74,0,0.110526316,0.015789474,0,0,0,0,0.168421053,0.142105263,0.031578947,0.005263158,0.005263158,0,0,0.021052632,0,0.231578947,0,0.268421053,0,syllabus74,73
75,0,0.006060606,0.096969697,0,0,0,0,0.066666667,0.060606061,0,0.206060606,0.242424242,0,0.006060606,0.036363636,0.224242424,0.054545455,0,0,0,syllabus75,74
76,0.009090909,0,0.009090909,0,0.063636364,0,0.154545455,0,0.1,0,0,0.027272727,0.009090909,0,0.181818182,0.254545455,0.154545455,0.018181818,0.018181818,0,syllabus76,75
77,0,0.558823529,0,0,0.029411765,0,0,0,0.088235294,0,0,0,0,0.058823529,0,0,0.264705882,0,0,0,syllabus77,76
78,0.019607843,0.444444444,0.006535948,0.013071895,0.006535948,0,0,0,0.196078431,0,0,0,0,0,0,0.039215686,0.267973856,0,0,0.006535948,syllabus78,77
79,0,0,0.095238095,0,0.095238095,0,0,0,0,0.047619048,0,0.095238095,0,0,0,0,0.047619048,0.047619048,0.571428571,0,syllabus79,78
80,0,0.005714286,0,0,0.074285714,0.154285714,0,0.377142857,0,0,0,0,0,0,0.022857143,0.222857143,0,0,0,0.142857143,syllabus80,79
81,0,0,0.004587156,0,0.082568807,0.013761468,0.073394495,0,0.747706422,0.009174312,0,0,0,0.068807339,0,0,0,0,0,0,syllabus81,80
82,0,0,0,0.018181818,0,0.090909091,0,0.218181818,0.018181818,0,0.018181818,0,0.018181818,0,0,0.472727273,0.145454545,0,0,0,syllabus82,81
83,0,0,0,0,0.068181818,0,0,0,0,0,0,0.045454545,0,0,0,0,0.340909091,0,0.5,0.045454545,syllabus83,82
84,0,0,0,0.03539823,0.265486726,0.10619469,0.079646018,0.03539823,0.230088496,0,0.03539823,0.008849558,0,0,0,0.008849558,0.185840708,0,0.008849558,0,syllabus84,83
85,0.00209205,0,0,0.140167364,0,0,0,0.140167364,0,0,0.014644351,0,0,0.00209205,0,0.69874477,0,0,0.00209205,0,syllabus85,84
86,0,0,0,0,0,0,0,0.170731707,0,0,0.089430894,0,0.016260163,0,0,0.569105691,0,0,0,0.154471545,syllabus86,85
87,0.00862069,0,0,0.103448276,0,0,0.568965517,0,0.129310345,0,0,0,0,0,0,0.094827586,0,0,0,0.094827586,syllabus87,86
88,0,0.004347826,0.039130435,0.026086957,0,0,0,0,0,0,0.17826087,0,0.017391304,0,0.256521739,0.056521739,0.417391304,0,0.004347826,0,syllabus88,87
89,0.035087719,0,0.00877193,0.087719298,0,0,0,0,0.219298246,0,0.01754386,0,0,0.00877193,0,0,0.385964912,0,0.236842105,0,syllabus89,88
90,0,0.003311258,0,0,0.023178808,0,0,0.049668874,0,0,0,0,0,0,0,0,0.380794702,0,0.543046358,0,syllabus90,89
91,0,0.387596899,0,0,0.015503876,0,0.046511628,0.023255814,0.255813953,0,0,0,0.007751938,0,0.108527132,0,0.147286822,0,0,0.007751938,syllabus91,90
92,0,0.031055901,0,0,0,0,0,0,0.01863354,0,0,0,0,0,0.161490683,0.788819876,0,0,0,0,syllabus92,91
93,0.006849315,0,0.116438356,0,0.01369863,0,0.363013699,0.02739726,0,0,0,0,0,0,0,0.465753425,0,0,0.006849315,0,syllabus93,92
94,0.195454545,0,0.004545455,0.004545455,0,0,0.013636364,0.1,0.186363636,0,0.013636364,0,0,0.031818182,0,0,0.45,0,0,0,syllabus94,93
95,0.016949153,0.06779661,0,0,0,0,0.033898305,0,0.13559322,0.033898305,0,0.13559322,0.050847458,0.016949153,0,0.016949153,0.474576271,0.016949153,0,0,syllabus95,94
96,0,0,0,0.004424779,0.008849558,0.03539823,0.022123894,0.061946903,0.314159292,0,0,0,0.057522124,0,0,0.424778761,0.030973451,0,0.03539823,0.004424779,syllabus96,95
97,NA,NA,NA,NA,NA,NA,NA,NA,NA,NA,NA,NA,NA,NA,NA,NA,NA,NA,NA,NA,syllabus97,96
98,0,0,0,0.042944785,0.006134969,0.012269939,0,0,0.085889571,0,0.006134969,0,0,0,0.006134969,0.73006135,0.085889571,0.024539877,0,0,syllabus98,97
99,0,0,0.028776978,0,0,0,0.021582734,0.197841727,0,0,0.010791367,0,0.007194245,0,0.086330935,0.647482014,0,0,0,0,syllabus99,98
100,0,0,0,0.024390244,0,0,0.036585366,0.012195122,0.036585366,0,0.012195122,0,0,0.012195122,0.06097561,0.463414634,0.341463415,0,0,0,syllabus100,99
101,0.010050251,0,0,0,0,0,0.010050251,0,0.110552764,0,0,0.040201005,0.005025126,0.296482412,0.180904523,0.341708543,0.005025126,0,0,0,syllabus101,100
102,0,0.163934426,0,0,0.213114754,0,0.016393443,0.016393443,0.032786885,0.360655738,0.098360656,0,0,0.016393443,0,0.06557377,0.016393443,0,0,0,syllabus102,101
103,0.032258065,0,0,0.241935484,0,0,0.016129032,0.032258065,0,0,0.112903226,0,0,0,0,0.241935484,0,0,0,0.322580645,syllabus103,102
104,0,0,0.011764706,0,0,0,0,0.105882353,0.176470588,0,0.058823529,0,0,0,0,0.235294118,0.058823529,0,0,0.352941176,syllabus104,103
105,0,0.089285714,0,0,0,0,0,0.017857143,0,0,0.232142857,0,0,0,0,0.178571429,0.339285714,0,0.142857143,0,syllabus105,104
106,0.007692308,0.115384615,0,0.069230769,0,0,0,0.153846154,0,0,0,0,0,0,0,0,0.384615385,0,0.269230769,0,syllabus106,105
107,0.069565217,0.173913043,0,0,0.017391304,0,0,0,0,0.017391304,0.008695652,0,0.008695652,0,0,0.556521739,0.139130435,0,0.008695652,0,syllabus107,106
108,0,0.466666667,0,0,0,0.022222222,0,0,0,0,0.022222222,0.022222222,0.044444444,0,0,0,0.422222222,0,0,0,syllabus108,107
109,0.00591716,0,0.029585799,0,0.00591716,0,0.00591716,0,0.319526627,0.00591716,0,0,0,0,0.00591716,0.603550296,0,0,0.017751479,0,syllabus109,108
110,0,0,0,0,0.012987013,0,0,0,0.415584416,0,0.025974026,0,0,0,0,0.480519481,0,0.051948052,0.012987013,0,syllabus110,109
111,0,0.018348624,0.146788991,0.009174312,0,0,0.211009174,0.018348624,0,0,0.009174312,0.04587156,0.027522936,0.009174312,0,0.495412844,0,0.009174312,0,0,syllabus111,110
112,0,0.253846154,0.007692308,0,0,0,0,0,0.5,0,0,0,0,0,0,0,0.061538462,0,0.176923077,0,syllabus112,111
113,0,0,0,0.037234043,0,0,0,0.010638298,0,0,0.015957447,0.005319149,0,0,0.037234043,0.893617021,0,0,0,0,syllabus113,112
114,0,0,0,0,0,0,0,0,0,0,0,0,0,0,0.007462687,0.992537313,0,0,0,0,syllabus114,113
115,0,0.008,0,0,0,0,0,0,0.008,0,0,0,0.024,0,0,0.808,0.152,0,0,0,syllabus115,114
116,0,0,0,0,0,0.02238806,0,0.02238806,0.007462687,0.029850746,0.007462687,0,0,0,0.089552239,0.813432836,0,0,0,0.007462687,syllabus116,115
117,0.041353383,0.466165414,0.214285714,0,0.011278195,0,0.003759398,0.135338346,0,0.015037594,0,0.078947368,0,0,0.030075188,0,0,0.003759398,0,0,syllabus117,116
118,0,0.5,0.175675676,0,0,0,0.013513514,0,0.202702703,0,0,0.040540541,0.013513514,0,0,0.027027027,0,0,0.027027027,0,syllabus118,117
119,0.000754717,0,0,0.000137221,0.02161235,0,6.86E-05,0.064562607,0.019965695,0.000274443,0,0,0.000137221,6.86E-05,0.823533448,0.053653516,0.007272727,0,0,0.007958834,syllabus119,118
120,0,0,0.008097166,0.020242915,0,0,0,0,0,0,0.004048583,0,0,0,0.214574899,0.352226721,0.400809717,0,0,0,syllabus120,119
121,0.009009009,0,0.018018018,0,0,0.009009009,0,0,0,0,0,0,0,0,0.315315315,0.027027027,0.576576577,0,0,0.045045045,syllabus121,120
122,0,0.017241379,0,0,0.120689655,0.017241379,0.068965517,0,0.431034483,0,0,0.068965517,0,0,0,0.137931034,0,0,0.017241379,0.120689655,syllabus122,121
123,0,0.1125,0.01875,0,0,0,0.0125,0,0.3875,0,0,0.04375,0,0,0,0.00625,0.225,0,0.19375,0,syllabus123,122
124,0.021978022,0,0,0,0.032967033,0,0,0.021978022,0.230769231,0,0,0,0.538461538,0,0,0.10989011,0.032967033,0,0.010989011,0,syllabus124,123
125,0,0,0.002531646,0.002531646,0,0,0.010126582,0,0.06835443,0,0.260759494,0,0,0,0.536708861,0.037974684,0.015189873,0.055696203,0.010126582,0,syllabus125,124
126,0.045977011,0.08045977,0.08045977,0,0,0,0.137931034,0,0.333333333,0.011494253,0,0,0,0.022988506,0.091954023,0,0.068965517,0,0,0.126436782,syllabus126,125
127,0.005319149,0,0,0.175531915,0,0,0,0.015957447,0.117021277,0,0.079787234,0,0.005319149,0,0,0.478723404,0.095744681,0,0.005319149,0.021276596,syllabus127,126
128,0,0.014084507,0,0.23943662,0.105633803,0.007042254,0,0.021126761,0,0,0.211267606,0,0.014084507,0,0,0,0.352112676,0.014084507,0,0.021126761,syllabus128,127
129,0,0.105882353,0,0,0.070588235,0,0,0,0.235294118,0.023529412,0.035294118,0,0,0,0,0,0,0,0.388235294,0.141176471,syllabus129,128
130,0.002762431,0,0.008287293,0,0,0,0.013812155,0.193370166,0.143646409,0,0,0,0.082872928,0.008287293,0.099447514,0.132596685,0.196132597,0.116022099,0.002762431,0,syllabus130,129
131,0.128712871,0,0.004950495,0,0.044554455,0,0.004950495,0.01980198,0.544554455,0,0.004950495,0.00990099,0,0,0,0.059405941,0,0,0.178217822,0,syllabus131,130
132,0,0,0.134146341,0,0,0,0.048780488,0.012195122,0,0,0,0.097560976,0,0,0,0,0.695121951,0,0,0.012195122,syllabus132,131
133,0,0,0,0.02688172,0,0,0,0.010752688,0.005376344,0,0,0,0,0,0.198924731,0.758064516,0,0,0,0,syllabus133,132
134,0,0,0.456521739,0,0,0,0,0,0.173913043,0,0,0,0,0,0,0.304347826,0,0.02173913,0,0.043478261,syllabus134,133
135,0,0,0,0,0,0.018867925,0,0.08490566,0,0,0,0.641509434,0.009433962,0.009433962,0,0.20754717,0.028301887,0,0,0,syllabus135,134
136,0,0,0,0.015306122,0,0.005102041,0,0.025510204,0.056122449,0,0.821428571,0,0,0,0.005102041,0.030612245,0.035714286,0,0.005102041,0,syllabus136,135
137,NA,NA,NA,NA,NA,NA,NA,NA,NA,NA,NA,NA,NA,NA,NA,NA,NA,NA,NA,NA,syllabus137,136
138,0,0,0,0,0,0,0.119047619,0,0.404761905,0,0.071428571,0,0,0.119047619,0,0.095238095,0,0.19047619,0,0,syllabus138,137
139,0,0,0,0,0,0.011173184,0,0.011173184,0.664804469,0,0,0,0,0.005586592,0.044692737,0.189944134,0.061452514,0,0.011173184,0,syllabus139,138
140,0,0,0.030864198,0,0,0,0.074074074,0.00617284,0.401234568,0.012345679,0.00617284,0,0,0,0.240740741,0.00617284,0.216049383,0.00617284,0,0,syllabus140,139
141,0,0,0,0,0,0,0,0,0.115384615,0,0,0,0,0,0.038461538,0,0.346153846,0,0.5,0,syllabus141,140
142,0.016528926,0,0.016528926,0.090909091,0,0.016528926,0,0,0.644628099,0.008264463,0,0.016528926,0,0,0,0,0,0,0.132231405,0.05785124,syllabus142,141
143,0,0,0,0,0,0,0.011560694,0.161849711,0.104046243,0.011560694,0,0.028901734,0.005780347,0.023121387,0.208092486,0.416184971,0.028901734,0,0,0,syllabus143,142
144,0,0.010752688,0,0.010752688,0,0,0,0.032258065,0,0,0.548387097,0.010752688,0,0,0,0,0.322580645,0.021505376,0,0.043010753,syllabus144,143
145,0,0.265822785,0.029535865,0,0,0,0,0,0,0,0,0,0.037974684,0,0,0,0.662447257,0,0.004219409,0,syllabus145,144
146,0,0.082568807,0,0,0,0.018348624,0.027522936,0.201834862,0,0.009174312,0.009174312,0.04587156,0,0,0,0,0.596330275,0,0.009174312,0,syllabus146,145
147,0,0.049586777,0,0,0,0.008264463,0,0,0.760330579,0,0,0,0,0,0,0,0,0,0.181818182,0,syllabus147,146
148,0.006116208,0,0,0,0.027522936,0,0,0.116207951,0.418960245,0,0.039755352,0,0,0,0.226299694,0,0.162079511,0,0.003058104,0,syllabus148,147
149,0,0.009049774,0,0,0,0,0,0.027149321,0.185520362,0,0.018099548,0,0,0,0.737556561,0.018099548,0,0.004524887,0,0,syllabus149,148
150,0,0,0,0,0,0.009615385,0.004807692,0.240384615,0.201923077,0,0,0,0,0.048076923,0.004807692,0.490384615,0,0,0,0,syllabus150,149
151,0.014084507,0,0,0,0.084507042,0,0,0.084507042,0.704225352,0,0.028169014,0,0,0.056338028,0.014084507,0,0,0,0.014084507,0,syllabus151,150
152,0,0.042253521,0,0.014084507,0,0,0,0.028169014,0.690140845,0,0,0,0,0,0,0,0.154929577,0,0.014084507,0.056338028,syllabus152,151
153,0,0,0,0.038961039,0.004329004,0,0.008658009,0,0.147186147,0,0.017316017,0,0,0.004329004,0.632034632,0.147186147,0,0,0,0,syllabus153,152
154,0,0,0,0,0.016666667,0,0.070833333,0.15,0,0,0.741666667,0.004166667,0,0,0.008333333,0,0.004166667,0.004166667,0,0,syllabus154,153
155,0,0,0,0,0,0.016666667,0,0.05,0.316666667,0,0,0,0,0,0,0,0.016666667,0.066666667,0.516666667,0.016666667,syllabus155,154
156,0.083333333,0,0,0.015151515,0,0.007575758,0.015151515,0,0.098484848,0.060606061,0,0.037878788,0,0,0.022727273,0,0,0,0.659090909,0,syllabus156,155
157,0.012048193,0.012048193,0,0,0,0,0,0.108433735,0.301204819,0,0.084337349,0,0,0,0,0,0.108433735,0,0.373493976,0,syllabus157,156
158,0.027522936,0,0.009174312,0,0.009174312,0,0,0.018348624,0,0,0.311926606,0,0.009174312,0,0,0.027522936,0.587155963,0,0,0,syllabus158,157
159,0.00990099,0.01980198,0,0,0.247524752,0.059405941,0.00990099,0.099009901,0.168316832,0,0.158415842,0,0,0,0,0.00990099,0.188118812,0.02970297,0,0,syllabus159,158
160,0.008928571,0.151785714,0,0,0,0,0,0.008928571,0.160714286,0,0,0,0.008928571,0,0,0.008928571,0.580357143,0.071428571,0,0,syllabus160,159
161,0,0.004273504,0,0,0.047008547,0,0,0,0.427350427,0,0.196581197,0,0.008547009,0,0,0.294871795,0,0,0,0.021367521,syllabus161,160
162,0.007067138,0,0,0,0,0,0.003533569,0.053003534,0,0.038869258,0.752650177,0,0,0,0,0,0.123674912,0,0.021201413,0,syllabus162,161
163,0,0.00310559,0.108695652,0.00931677,0,0,0.118012422,0.043478261,0.214285714,0,0,0.00621118,0.00310559,0,0.204968944,0,0.288819876,0,0,0,syllabus163,162
164,0,0,0,0,0.071428571,0,0,0,0.714285714,0.214285714,0,0,0,0,0,0,0,0,0,0,syllabus164,163
165,0,0,0.035087719,0.003508772,0,0.010526316,0.003508772,0,0.136842105,0,0.757894737,0,0,0.028070175,0,0.014035088,0,0,0.010526316,0,syllabus165,164
166,0.014778325,0.359605911,0,0,0,0,0,0.024630542,0.463054187,0,0.004926108,0,0,0,0,0,0.133004926,0,0,0,syllabus166,165
167,0,0,0.007246377,0.007246377,0.043478261,0,0.086956522,0,0.333333333,0,0,0.014492754,0.036231884,0,0.18115942,0,0.231884058,0.007246377,0.028985507,0.02173913,syllabus167,166
168,0,0.008547009,0,0,0.017094017,0,0.316239316,0.017094017,0.085470085,0,0,0,0,0,0,0.307692308,0.188034188,0.042735043,0.017094017,0,syllabus168,167
169,0,0.016,0,0.008,0,0.008,0,0.256,0.112,0,0,0,0.032,0,0.08,0.432,0,0.04,0,0.016,syllabus169,168
170,0,0,0,0.033333333,0.033333333,0,0,0,0.933333333,0,0,0,0,0,0,0,0,0,0,0,syllabus170,169
171,0,0,0,0,0,0,0.134146341,0.036585366,0.420731707,0,0,0,0.012195122,0,0.018292683,0,0.37804878,0,0,0,syllabus171,170
172,0,0.013333333,0,0,0.084444444,0.013333333,0,0.084444444,0,0,0.075555556,0,0,0,0,0.013333333,0.013333333,0,0.702222222,0,syllabus172,171
173,0,0.133891213,0,0,0,0,0,0.10460251,0.238493724,0,0,0,0,0.0041841,0.025104603,0,0.09623431,0,0.39748954,0,syllabus173,172
174,0,0.006493506,0,0,0,0,0,0,0,0,0.863636364,0,0.019480519,0,0.097402597,0,0,0,0,0.012987013,syllabus174,173
175,0,0.74829932,0,0,0,0,0.19047619,0.013605442,0,0,0,0.006802721,0.013605442,0,0,0,0.027210884,0,0,0,syllabus175,174
176,0,0,0,0,0,0,0,0,0.9,0,0,0,0.05,0,0,0.05,0,0,0,0,syllabus176,175
177,0,0.011857708,0,0.003952569,0.015810277,0,0,0.438735178,0.118577075,0,0.007905138,0.003952569,0,0,0.04743083,0.067193676,0.272727273,0,0.011857708,0,syllabus177,176
178,0.024752475,0,0.222772277,0.00990099,0,0.004950495,0.301980198,0.118811881,0,0,0.287128713,0.004950495,0,0,0.014851485,0,0,0.004950495,0,0.004950495,syllabus178,177
179,0.105263158,0,0.385964912,0.00877193,0,0.00877193,0,0.166666667,0,0.00877193,0,0.00877193,0,0.00877193,0,0,0.271929825,0,0,0.026315789,syllabus179,178
180,0,0.153846154,0,0,0.102564103,0.008547009,0.008547009,0.051282051,0.47008547,0,0,0,0,0,0.008547009,0.076923077,0.017094017,0,0.008547009,0.094017094,syllabus180,179
181,0,0,0,0.014184397,0,0,0,0.002364066,0.8321513,0.004728132,0,0.004728132,0,0.002364066,0.061465721,0.078014184,0,0,0,0,syllabus181,180
182,0,0,0.785714286,0,0,0,0.071428571,0,0,0,0,0,0,0,0,0,0,0,0.142857143,0,syllabus182,181
183,0,0.111111111,0,0,0,0,0,0,0.266666667,0.022222222,0,0,0,0,0,0,0.555555556,0.022222222,0,0.022222222,syllabus183,182
184,0,0.5625,0,0,0.078125,0,0.020833333,0.026041667,0.067708333,0,0,0.010416667,0,0,0.005208333,0.104166667,0.114583333,0,0,0.010416667,syllabus184,183
185,0,0,0,0.007092199,0.007092199,0,0,0.163120567,0.035460993,0.021276596,0,0,0,0,0,0.007092199,0.170212766,0,0.588652482,0,syllabus185,184
186,0,0,0,0.025125628,0,0,0,0.100502513,0,0.005025126,0,0,0.005025126,0.005025126,0.020100503,0.005025126,0.814070352,0.015075377,0.005025126,0,syllabus186,185
187,0,0,0,0.05027933,0.036312849,0,0,0.05027933,0.19273743,0,0.203910615,0,0,0.164804469,0.041899441,0,0.259776536,0,0,0,syllabus187,186
188,0.027027027,0,0,0,0.138996139,0,0,0.142857143,0.081081081,0.494208494,0,0.046332046,0,0,0,0.065637066,0,0,0.003861004,0,syllabus188,187
189,0.007462687,0,0,0.01641791,0.011940299,0,0,0,0.002985075,0,0.002985075,0,0,0,0.044776119,0,0.88358209,0.002985075,0.026865672,0,syllabus189,188
190,0,0,0,0,0,0,0.25477707,0.114649682,0.031847134,0,0.095541401,0,0,0,0.191082803,0.025477707,0.280254777,0.006369427,0,0,syllabus190,189
191,0,0,0,0,0,0,0,0,0.388888889,0,0,0.055555556,0,0,0,0,0.555555556,0,0,0,syllabus191,190
192,0,0,0.044776119,0,0,0,0.007462687,0,0.78358209,0,0,0,0.126865672,0,0.014925373,0.014925373,0,0,0,0.007462687,syllabus192,191
193,0.2,0,0.426086957,0,0,0.026086957,0.008695652,0.086956522,0,0,0,0.182608696,0,0,0,0.008695652,0.052173913,0,0,0.008695652,syllabus193,192
194,0,0,0,0,0,0,0,0,0.666666667,0.093333333,0,0.013333333,0,0,0.053333333,0.1,0,0,0.06,0.013333333,syllabus194,193
195,0,0.159292035,0,0,0,0,0.017699115,0,0.008849558,0,0.796460177,0,0,0,0,0,0,0,0.017699115,0,syllabus195,194
196,0.012048193,0.084337349,0,0,0,0,0.024096386,0,0.180722892,0,0.012048193,0,0,0,0,0.34939759,0.313253012,0,0.024096386,0,syllabus196,195
197,0.008928571,0.008928571,0,0,0,0,0,0.196428571,0.116071429,0,0,0.205357143,0,0.151785714,0,0.223214286,0.089285714,0,0,0,syllabus197,196
198,0,0,0.002881844,0.051873199,0,0,0,0.213256484,0.371757925,0,0.028818444,0.005763689,0,0,0.020172911,0.066282421,0.201729107,0,0,0.037463977,syllabus198,197
199,0.014018692,0.018691589,0,0,0,0,0,0.098130841,0.752336449,0,0.004672897,0,0,0,0.004672897,0.009345794,0,0,0.098130841,0,syllabus199,198
200,0,0,0,0,0,0,0,0,0.113207547,0,0,0,0,0,0,0.867924528,0.018867925,0,0,0,syllabus200,199
201,0,0,0.013574661,0,0,0,0,0.248868778,0.194570136,0.004524887,0.140271493,0,0,0,0.004524887,0.357466063,0.027149321,0.004524887,0.004524887,0,syllabus201,200
202,0,0,0,0,0.052325581,0,0,0.087209302,0,0,0.76744186,0,0,0,0,0.011627907,0,0,0,0.081395349,syllabus202,201
203,0,0,0,0.005882353,0.023529412,0,0,0.088235294,0.088235294,0,0.788235294,0,0,0,0,0,0,0,0.005882353,0,syllabus203,202
204,0.088435374,0,0.210884354,0.006802721,0.027210884,0,0,0.224489796,0.068027211,0,0,0.027210884,0,0,0,0.346938776,0,0,0,0,syllabus204,203
205,0,0.010989011,0.010989011,0,0,0.043956044,0,0.197802198,0.153846154,0.010989011,0,0,0.032967033,0,0,0,0.087912088,0,0.450549451,0,syllabus205,204
206,0.010309278,0,0,0.051546392,0,0,0,0,0.680412371,0.020618557,0,0,0,0.06185567,0,0,0,0.020618557,0.134020619,0.020618557,syllabus206,205
207,0.163636364,0.218181818,0,0,0,0.018181818,0,0.109090909,0.254545455,0,0,0,0,0,0,0,0.218181818,0,0.018181818,0,syllabus207,206
208,0,0.075,0.05,0,0.025,0,0,0.125,0,0.025,0,0,0,0,0,0,0.625,0,0.075,0,syllabus208,207
209,0,0,0.0625,0,0,0,0.03125,0.15625,0,0,0,0,0,0,0,0.015625,0.734375,0,0,0,syllabus209,208
210,0,0.076923077,0,0.025641026,0,0,0,0,0.243589744,0,0.5,0,0.012820513,0,0,0,0,0,0.141025641,0,syllabus210,209
211,0,0.007142857,0,0,0,0,0,0.121428571,0.714285714,0,0.121428571,0,0,0,0.007142857,0.021428571,0,0,0.007142857,0,syllabus211,210
212,0.002557545,0.007672634,0,0,0,0,0.002557545,0.051150895,0,0.002557545,0,0,0,0,0,0,0.301790281,0,0.631713555,0,syllabus212,211
213,0,0,0.094339623,0,0,0,0,0.20754717,0,0,0,0,0,0,0.018867925,0,0.660377358,0,0,0.018867925,syllabus213,212
214,0,0,0,0.030487805,0,0,0.012195122,0.304878049,0.402439024,0.006097561,0,0,0,0.006097561,0,0,0.219512195,0.018292683,0,0,syllabus214,213
215,0,0,0.306122449,0.004081633,0.004081633,0,0.016326531,0.285714286,0,0,0.004081633,0.342857143,0.004081633,0,0,0,0,0,0,0.032653061,syllabus215,214
216,0,0.00877193,0,0.01754386,0.192982456,0,0,0.157894737,0.403508772,0,0,0,0.00877193,0.00877193,0.175438596,0,0.00877193,0.01754386,0,0,syllabus216,215
217,0.005434783,0.02173913,0,0,0,0,0,0.108695652,0.010869565,0.005434783,0.005434783,0.048913043,0,0.016304348,0,0,0.684782609,0.081521739,0,0.010869565,syllabus217,216
218,0,0.439189189,0.006756757,0,0.006756757,0,0.074324324,0.439189189,0,0.006756757,0,0.02027027,0.006756757,0,0,0,0,0,0,0,syllabus218,217
219,0,0.027777778,0,0.180555556,0,0.041666667,0,0.541666667,0.083333333,0,0,0,0,0.097222222,0,0.027777778,0,0,0,0,syllabus219,218
220,0,0.125,0.104166667,0,0,0,0.375,0.291666667,0,0,0,0,0,0,0,0,0.104166667,0,0,0,syllabus220,219
221,0,0.177777778,0.077777778,0.044444444,0,0,0.033333333,0.311111111,0,0,0,0,0,0,0,0.022222222,0.288888889,0.044444444,0,0,syllabus221,220
222,0,0,0.017142857,0,0,0.011428571,0,0.417142857,0.074285714,0,0.005714286,0,0.325714286,0.022857143,0,0.034285714,0,0.011428571,0,0.08,syllabus222,221
223,0.002645503,0.002645503,0.002645503,0.066137566,0,0,0,0.058201058,0.015873016,0,0.195767196,0.002645503,0,0.002645503,0,0.002645503,0.066137566,0,0.494708995,0.087301587,syllabus223,222
224,0,0,0,0.738155401,0,0.000947568,0,0.118130133,0.011686671,0,0,0,0,0,0.000631712,0.12855338,0.001263424,0,0.000631712,0,syllabus224,223
225,0.023110785,0.00348496,0,0.704512106,0,0,0,0.119222304,0.01027146,0,0.048606016,0,0,0.000366838,0.014673514,0.041636097,0.022560528,0.000733676,0.00165077,0.009170946,syllabus225,224
226,0.026785714,0,0,0,0,0,0.008928571,0.089285714,0.241071429,0,0,0.008928571,0,0,0,0.544642857,0,0.044642857,0,0.035714286,syllabus226,225
227,0,0.230769231,0,0.012820513,0,0,0,0.294871795,0,0.051282051,0,0,0.025641026,0,0,0,0,0,0.384615385,0,syllabus227,226
228,0.008710801,0.008710801,0.038327526,0,0,0.003484321,0,0.174216028,0.149825784,0,0.095818815,0.013937282,0.277003484,0,0.005226481,0,0.029616725,0,0.139372822,0.055749129,syllabus228,227
229,0,0.01754386,0.00877193,0.00877193,0,0,0,0,0.219298246,0.385964912,0,0.00877193,0,0.035087719,0.105263158,0.201754386,0.00877193,0,0,0,syllabus229,228
230,0.01986755,0.006622517,0,0.006622517,0,0,0.006622517,0.139072848,0.006622517,0,0,0,0.013245033,0.006622517,0,0,0,0,0.78807947,0.006622517,syllabus230,229
231,0.004484305,0.049327354,0,0,0.035874439,0.004484305,0,0.116591928,0.080717489,0.004484305,0,0.044843049,0,0.004484305,0,0,0.013452915,0.00896861,0.632286996,0,syllabus231,230
232,0,0,0,0,0,0,0.043478261,0.094202899,0,0.007246377,0,0.007246377,0,0,0,0,0,0.007246377,0.84057971,0,syllabus232,231
233,0,0,0,0.015384615,0,0,0,0.338461538,0.261538462,0,0,0,0,0,0.046153846,0.061538462,0,0,0.276923077,0,syllabus233,232
234,0.0125,0,0.0125,0,0,0,0,0.05,0.275,0.0125,0,0,0.0125,0,0,0.0375,0,0,0.575,0.0125,syllabus234,233
235,0.245901639,0.090163934,0,0,0,0.057377049,0.155737705,0.237704918,0,0.131147541,0,0,0,0.008196721,0,0,0.032786885,0.032786885,0.008196721,0,syllabus235,234
236,0,0,0,0,0.319548872,0.082706767,0.327067669,0.266917293,0,0.003759398,0,0,0,0,0,0,0,0,0,0,syllabus236,235
237,0,0,0,0,0.333333333,0.044871795,0.173076923,0.237179487,0.051282051,0,0,0,0,0.019230769,0.032051282,0.076923077,0,0.006410256,0.025641026,0,syllabus237,236
238,0,0.002169197,0.819956616,0,0.019522777,0.010845987,0,0.117136659,0.004338395,0.023861171,0.002169197,0,0,0,0,0,0,0,0,0,syllabus238,237
239,0,0.171270718,0,0,0,0,0,0.182320442,0,0.005524862,0,0,0,0,0.005524862,0,0.607734807,0.005524862,0,0.022099448,syllabus239,238
240,NA,NA,NA,NA,NA,NA,NA,NA,NA,NA,NA,NA,NA,NA,NA,NA,NA,NA,NA,NA,syllabus240,239
241,0,0.001915709,0,0.013409962,0.001915709,0,0,0.136015326,0.005747126,0,0.001915709,0,0,0.007662835,0,0,0.829501916,0,0,0.001915709,syllabus241,240
242,0,0,0,0,0.157894737,0,0,0.157894737,0.440191388,0,0,0.004784689,0,0,0.023923445,0,0.186602871,0,0,0.028708134,syllabus242,241
243,0.010204082,0.112244898,0,0,0,0,0,0.142857143,0,0,0,0,0,0.010204082,0,0,0.704081633,0,0.020408163,0,syllabus243,242
244,0,0,0,0,0,0,0,0.346590909,0.028409091,0.017045455,0.011363636,0,0,0,0,0,0.590909091,0,0.005681818,0,syllabus244,243
245,0,0,0.028301887,0.004716981,0,0,0,0.287735849,0.278301887,0,0.004716981,0.320754717,0.004716981,0,0,0.009433962,0,0.004716981,0,0.056603774,syllabus245,244
246,0,0,0.653409091,0,0,0.008522727,0,0.142045455,0.178977273,0,0,0.002840909,0,0,0.008522727,0,0.002840909,0,0,0.002840909,syllabus246,245
247,0.181818182,0,0,0.056277056,0,0,0,0.281385281,0.082251082,0,0,0.393939394,0.004329004,0,0,0,0,0,0,0,syllabus247,246
248,0,0,0,0.164179104,0.014925373,0,0,0.223880597,0.089552239,0,0,0.462686567,0,0,0.029850746,0.014925373,0,0,0,0,syllabus248,247
249,0.003558719,0,0,0,0,0,0,0.233096085,0.049822064,0,0.03202847,0,0,0,0,0,0,0,0.642348754,0.039145907,syllabus249,248
250,0.286666667,0.013333333,0,0.006666667,0.08,0,0.02,0.253333333,0.126666667,0.026666667,0.14,0,0,0.006666667,0,0.013333333,0.006666667,0,0.02,0,syllabus250,249
251,0,0,0.008163265,0,0,0.032653061,0.26122449,0.228571429,0.008163265,0,0.404081633,0,0.004081633,0,0.004081633,0.012244898,0.036734694,0,0,0,syllabus251,250
252,0,0.222222222,0,0,0.066666667,0,0,0.222222222,0.088888889,0.111111111,0,0,0,0,0.044444444,0.088888889,0.133333333,0,0.022222222,0,syllabus252,251
253,0,0,0,0,0.013377926,0,0.010033445,0.147157191,0,0,0.802675585,0,0,0,0.006688963,0,0,0.013377926,0.006688963,0,syllabus253,252
254,0.003374578,0.001124859,0.025871766,0,0.001124859,0.002249719,0.001124859,0.251968504,0,0.002249719,0,0,0.01799775,0.001124859,0,0,0.654668166,0,0,0.03712036,syllabus254,253
255,0.011299435,0,0,0,0.005649718,0,0,0.13559322,0.011299435,0,0.807909605,0.011299435,0.011299435,0,0,0,0,0,0,0.005649718,syllabus255,254
256,0.341637011,0,0,0,0,0,0.007117438,0.113879004,0.209964413,0.017793594,0.298932384,0.003558719,0,0,0,0.007117438,0,0,0,0,syllabus256,255
257,0,0.158273381,0,0,0.007194245,0,0,0.136690647,0.561151079,0,0.014388489,0,0.014388489,0,0.035971223,0,0,0,0.071942446,0,syllabus257,256
258,0.017241379,0.017241379,0.681034483,0.034482759,0.017241379,0.00862069,0,0,0.068965517,0.00862069,0,0,0.025862069,0,0,0.086206897,0,0,0.034482759,0,syllabus258,257
259,0,0,0,0.290598291,0,0.004273504,0,0.158119658,0.102564103,0,0.008547009,0,0,0,0,0.427350427,0,0.004273504,0,0.004273504,syllabus259,258
260,0,0.00456621,0.00456621,0.01369863,0.01369863,0,0,0.342465753,0,0.246575342,0.132420091,0.02283105,0.01826484,0.00456621,0.00913242,0.073059361,0.105022831,0,0.00913242,0,syllabus260,259
261,0,0,0.026086957,0,0.017391304,0.208695652,0,0.143478261,0.4,0,0,0,0,0.091304348,0,0.069565217,0,0,0,0.043478261,syllabus261,260
262,0.007936508,0.19047619,0.007936508,0,0.007936508,0,0,0.373015873,0,0.007936508,0,0,0,0,0,0,0,0,0.404761905,0,syllabus262,261
263,0,0,7.98E-05,0.003748903,0.734944564,0.012522932,0,0.19087501,7.98E-05,0,0.000239292,0.001914334,0.000398819,0,0.016032544,0.031267448,0,0,7.98E-05,0.007816862,syllabus263,262
264,0.084444444,0.004444444,0,0,0.035555556,0,0,0.146666667,0.075555556,0,0.653333333,0,0,0,0,0,0,0,0,0,syllabus264,263
265,0,0.1171875,0,0,0,0,0.3671875,0.1953125,0.171875,0,0,0.0078125,0,0,0.0078125,0.09375,0.0078125,0.015625,0,0.015625,syllabus265,264
266,0.039370079,0,0,0.015748031,0,0.007874016,0,0.102362205,0.496062992,0,0.015748031,0.007874016,0,0,0.062992126,0.007874016,0,0,0.236220472,0.007874016,syllabus266,265
267,0,0.295154185,0.013215859,0,0.079295154,0,0.004405286,0.334801762,0.030837004,0,0,0,0,0.030837004,0,0.211453744,0,0,0,0,syllabus267,266
268,0,0.157407407,0,0,0,0,0.194444444,0.490740741,0.027777778,0.027777778,0.009259259,0,0.009259259,0,0.037037037,0.009259259,0,0.027777778,0.009259259,0,syllabus268,267
269,0.014285714,0.328571429,0,0,0.064285714,0,0.028571429,0.378571429,0,0,0,0.05,0.021428571,0.014285714,0,0,0,0.1,0,0,syllabus269,268
270,0,0,0.00621118,0.00621118,0,0,0,0.416149068,0.068322981,0.49689441,0,0,0,0,0,0,0,0,0,0.00621118,syllabus270,269
271,0.010989011,0,0.642857143,0,0,0,0,0.076923077,0.225274725,0,0,0,0,0,0,0.005494505,0,0.032967033,0,0.005494505,syllabus271,270
272,0,0.376518219,0.004048583,0,0.008097166,0,0,0.396761134,0.016194332,0,0,0,0,0.004048583,0.008097166,0,0,0,0.186234818,0,syllabus272,271
273,0,0,0,0.025974026,0,0,0.12987013,0,0.766233766,0,0,0,0.012987013,0,0.064935065,0,0,0,0,0,syllabus273,272
274,0.471264368,0.007662835,0,0.007662835,0.003831418,0.003831418,0,0.291187739,0.114942529,0,0.057471264,0,0.007662835,0,0.003831418,0.026819923,0,0.003831418,0,0,syllabus274,273
275,0,0,0,0.010909091,0.010909091,0.010909091,0.672727273,0.123636364,0.083636364,0,0,0,0.076363636,0.007272727,0,0.003636364,0,0,0,0,syllabus275,274
276,0,0,0.158798283,0,0,0,0.150214592,0.240343348,0.223175966,0.055793991,0.137339056,0,0,0,0,0,0.004291845,0,0.030042918,0,syllabus276,275
277,0,0.05952381,0,0,0,0,0,0.297619048,0,0,0.19047619,0,0,0,0,0,0,0,0.452380952,0,syllabus277,276
278,0.008097166,0.145748988,0.024291498,0,0,0,0,0.186234818,0.376518219,0,0,0,0.089068826,0,0,0.016194332,0.153846154,0,0,0,syllabus278,277
279,0.016666667,0.3,0,0,0,0,0.058333333,0.25,0.041666667,0.3,0,0.025,0.008333333,0,0,0,0,0,0,0,syllabus279,278
280,0.008810573,0,0,0,0.004405286,0.008810573,0.004405286,0.145374449,0.171806167,0,0.004405286,0,0,0.004405286,0,0.066079295,0,0,0.581497797,0,syllabus280,279
281,0,0,0,0,0,0,0,0.234636872,0,0,0.011173184,0,0.011173184,0,0.011173184,0,0.156424581,0,0.575418994,0,syllabus281,280
282,0,0.005617978,0,0,0.005617978,0,0,0.134831461,0,0,0.016853933,0,0,0,0.011235955,0,0.005617978,0,0.820224719,0,syllabus282,281
283,0,0,0,0,0.011904762,0.015873016,0.091269841,0.257936508,0.035714286,0,0.015873016,0.380952381,0.150793651,0,0.003968254,0,0,0.035714286,0,0,syllabus283,282
284,0.005882353,0,0.835294118,0.005882353,0,0,0.064705882,0,0.076470588,0,0,0,0.005882353,0,0,0,0,0,0.005882353,0,syllabus284,283
285,0.395770393,0,0,0.001510574,0.060422961,0.001510574,0,0.225075529,0.042296073,0,0,0,0.001510574,0,0,0.271903323,0,0,0,0,syllabus285,284
286,0,0,0.026666667,0,0.106666667,0,0,0.213333333,0.146666667,0,0.006666667,0.326666667,0,0,0,0.113333333,0,0,0,0.06,syllabus286,285
287,0.132013201,0,0,0.01980198,0.075907591,0.151815182,0,0.514851485,0,0.066006601,0.01650165,0,0.00330033,0,0,0,0,0.00330033,0,0.01650165,syllabus287,286
288,0.301204819,0.024096386,0,0.096385542,0,0.006024096,0,0.162650602,0,0.024096386,0.180722892,0,0.024096386,0,0.012048193,0.030120482,0.13253012,0,0,0.006024096,syllabus288,287
289,0.011111111,0,0,0.027777778,0,0,0,0,0,0,0,0,0,0,0,0.005555556,0,0,0.95,0.005555556,syllabus289,288
290,0.191011236,0.016853933,0.005617978,0.241573034,0,0,0,0.196629213,0.101123596,0.06741573,0,0.157303371,0,0,0,0.011235955,0.005617978,0,0.005617978,0,syllabus290,289
291,0,0.005263158,0,0,0.005263158,0,0.010526316,0.226315789,0.231578947,0.342105263,0,0,0,0,0,0,0.042105263,0,0.131578947,0.005263158,syllabus291,290
292,0,0.012269939,0.226993865,0,0,0,0.294478528,0.306748466,0.061349693,0,0,0,0,0,0,0.024539877,0.067484663,0,0,0.006134969,syllabus292,291
293,0,0,0,0.014925373,0,0,0.009950249,0.293532338,0.099502488,0.278606965,0,0,0.014925373,0,0.044776119,0.2039801,0.019900498,0.009950249,0.004975124,0.004975124,syllabus293,292
294,0.002881844,0,0,0.144092219,0.005763689,0,0.014409222,0.239193084,0,0.014409222,0.556195965,0,0.002881844,0.008645533,0,0.008645533,0.002881844,0,0,0,syllabus294,293
295,0.022508039,0,0.003215434,0,0,0.009646302,0.569131833,0.099678457,0.048231511,0,0,0,0.003215434,0.006430868,0.003215434,0.128617363,0.090032154,0.006430868,0,0.009646302,syllabus295,294
296,0,0.008,0,0.016,0.528,0,0.024,0.128,0.016,0,0,0,0.008,0,0.04,0.232,0,0,0,0,syllabus296,295
297,0.432432432,0.047297297,0,0,0,0.013513514,0,0.195945946,0.013513514,0.006756757,0.121621622,0,0,0,0.006756757,0,0.128378378,0.027027027,0,0.006756757,syllabus297,296
298,0,0,0,0.341176471,0.011764706,0,0,0.211764706,0,0,0.341176471,0,0.082352941,0,0,0.011764706,0,0,0,0,syllabus298,297
299,0.030487805,0,0.024390244,0,0,0,0.042682927,0.359756098,0.036585366,0.024390244,0,0,0,0,0,0.384146341,0,0,0.024390244,0.073170732,syllabus299,298
300,0,0,0,0,0,0,0.015339664,0.124908692,0.030679328,0,0.016070124,0,0,0.800584368,0,0.00073046,0,0,0,0.011687363,syllabus300,299
301,0.018450185,0.269372694,0,0.003690037,0.003690037,0.077490775,0,0.516605166,0,0.003690037,0,0,0,0,0.029520295,0,0,0.077490775,0,0,syllabus301,300
302,0,0.011527378,0.000720461,0,0.001440922,0,0,0.058357349,0.699567723,0,0,0.000720461,0,0.002161383,0,0,0,0,0.224783862,0.000720461,syllabus302,301
303,0,0,0,0,0.031055901,0,0.627329193,0.167701863,0.01242236,0,0,0,0,0,0.124223602,0,0,0.037267081,0,0,syllabus303,302
304,0.011320755,0.094339623,0,0,0,0,0.339622642,0.422641509,0.079245283,0,0,0.00754717,0,0.00754717,0,0,0.033962264,0.003773585,0,0,syllabus304,303
305,0.048034934,0,0,0,0,0,0.013100437,0.519650655,0,0.301310044,0.052401747,0,0.008733624,0,0,0.043668122,0,0,0,0.013100437,syllabus305,304
306,0,0.004975124,0,0,0,0.009950249,0,0.47761194,0,0.497512438,0,0,0,0,0,0,0,0.009950249,0,0,syllabus306,305
307,0.318181818,0.036363636,0,0.045454545,0,0,0,0,0.236363636,0,0,0,0,0,0,0,0.136363636,0,0,0.227272727,syllabus307,306
308,0,0.658119658,0.008547009,0,0,0,0,0.264957265,0,0,0,0,0,0,0,0,0.004273504,0,0.064102564,0,syllabus308,307
309,0.089673913,0.467391304,0,0.010869565,0,0.002717391,0,0.326086957,0,0.002717391,0.005434783,0,0.070652174,0,0.005434783,0.013586957,0,0.002717391,0.002717391,0,syllabus309,308
310,0,0.088105727,0,0,0,0,0.008810573,0.198237885,0.36123348,0.030837004,0,0,0.171806167,0,0,0.114537445,0.022026432,0,0.004405286,0,syllabus310,309
311,0,0,0,0,0.075,0.233333333,0,0.125,0.358333333,0.041666667,0,0,0,0,0.016666667,0.141666667,0.008333333,0,0,0,syllabus311,310
312,0,0,0,0,0,0.023364486,0,0.285046729,0.10046729,0,0,0.011682243,0,0.107476636,0.030373832,0.439252336,0.002336449,0,0,0,syllabus312,311
313,0,0.556701031,0,0,0,0.010309278,0,0.154639175,0,0.164948454,0,0.030927835,0.020618557,0.041237113,0,0.010309278,0,0,0,0.010309278,syllabus313,312
314,0,0,0.238938053,0,0,0,0,0.415929204,0,0,0,0,0.340707965,0,0,0,0,0,0.004424779,0,syllabus314,313
315,0.095454545,0.095454545,0,0,0.295454545,0.177272727,0,0.327272727,0.004545455,0,0,0,0,0,0,0,0.004545455,0,0,0,syllabus315,314
316,0.003731343,0.164179104,0,0,0,0,0,0.675373134,0,0.100746269,0.007462687,0,0,0,0,0.026119403,0,0,0.02238806,0,syllabus316,315
317,0.043650794,0,0,0.091269841,0.265873016,0.003968254,0,0.329365079,0,0,0.257936508,0,0,0.003968254,0,0,0,0,0.003968254,0,syllabus317,316
318,0.653225806,0,0,0.072580645,0,0,0,0.225806452,0.024193548,0,0,0,0.004032258,0.004032258,0,0,0,0,0.016129032,0,syllabus318,317
319,0,0,0.212121212,0,0,0,0.015151515,0,0.590909091,0,0.045454545,0.015151515,0,0,0.045454545,0,0,0,0,0.075757576,syllabus319,318
320,0.003952569,0.055335968,0,0,0,0,0,0.268774704,0,0.007905138,0,0,0,0,0,0,0,0,0.664031621,0,syllabus320,319
321,0.002915452,0,0.008746356,0,0,0,0.002915452,0.195335277,0,0,0.16909621,0,0,0.265306122,0,0.183673469,0.172011662,0,0,0,syllabus321,320
322,0.020547945,0,0,0,0.04109589,0.47260274,0,0.164383562,0,0,0,0,0,0,0,0.294520548,0,0,0,0.006849315,syllabus322,321
323,0,0,0.112956811,0,0.006644518,0,0.401993355,0.202657807,0.013289037,0,0,0.003322259,0.255813953,0,0,0,0,0,0,0.003322259,syllabus323,322
324,0.622881356,0.016949153,0,0,0.059322034,0,0,0.283898305,0,0,0,0,0,0,0,0,0,0,0,0.016949153,syllabus324,323
325,0,0,0,0,0.01509434,0,0.6,0.256603774,0,0,0.030188679,0,0,0.011320755,0,0.037735849,0,0.022641509,0.022641509,0.003773585,syllabus325,324
326,0,0.484978541,0,0,0,0,0.034334764,0.343347639,0.120171674,0,0,0,0,0,0.017167382,0,0,0,0,0,syllabus326,325
327,0.219387755,0.025510204,0.005102041,0,0.015306122,0.102040816,0,0.132653061,0.005102041,0,0,0,0.06122449,0,0.025510204,0.397959184,0.010204082,0,0,0,syllabus327,326
328,0,0,0.026455026,0,0,0,0,0.513227513,0,0.402116402,0.005291005,0,0.005291005,0,0.005291005,0,0,0,0.037037037,0.005291005,syllabus328,327
329,0.072727273,0,0.795454545,0,0,0.031818182,0,0.095454545,0,0,0,0,0,0,0,0.004545455,0,0,0,0,syllabus329,328
330,0.769716088,0.003154574,0,0.003154574,0,0,0.003154574,0.041009464,0.069400631,0,0.059936909,0,0,0,0.022082019,0,0.025236593,0.003154574,0,0,syllabus330,329
331,0,0,0,0,0,0.003355705,0.231543624,0.261744966,0,0,0,0,0.44966443,0,0.003355705,0.05033557,0,0,0,0,syllabus331,330
332,0,0,0.60724234,0,0,0,0,0.194986072,0,0,0.002785515,0.055710306,0.022284123,0,0,0.064066852,0,0,0.04735376,0.005571031,syllabus332,331
333,0,0,0,0.007633588,0,0,0.012722646,0.203562341,0.094147583,0,0.666666667,0.002544529,0,0,0,0,0.010178117,0,0,0.002544529,syllabus333,332
334,0,0.405529954,0,0,0.025345622,0.00921659,0.002304147,0.539170507,0,0,0,0,0.00921659,0.006912442,0,0,0,0,0,0.002304147,syllabus334,333
335,0.017064846,0.006825939,0.010238908,0.337883959,0.040955631,0,0,0.283276451,0.150170648,0,0.054607509,0.006825939,0.006825939,0,0.081911263,0.003412969,0,0,0,0,syllabus335,334
336,0,0.009708738,0,0,0.058252427,0.100323625,0,0.443365696,0.148867314,0,0.009708738,0.012944984,0,0,0,0,0.01618123,0.197411003,0.003236246,0,syllabus336,335
337,0,0.389189189,0,0,0,0,0,0.583783784,0.005405405,0,0.016216216,0,0,0,0,0.005405405,0,0,0,0,syllabus337,336
338,0,0,0,0,0.032352941,0.002941176,0.088235294,0.341176471,0,0.441176471,0,0.002941176,0.091176471,0,0,0,0,0,0,0,syllabus338,337
339,0,0,0,0,0,0,0,0.444210526,0.018947368,0,0,0.010526316,0.284210526,0,0,0.218947368,0.021052632,0.002105263,0,0,syllabus339,338
340,0.115384615,0,0,0,0,0,0,0.217948718,0.41025641,0,0.076923077,0.012820513,0.012820513,0.025641026,0,0.038461538,0.012820513,0,0,0.076923077,syllabus340,339
341,0,0,0,0,0.311953353,0.195335277,0,0.271137026,0.110787172,0.002915452,0,0,0,0.008746356,0.002915452,0.081632653,0.014577259,0,0,0,syllabus341,340
342,0,0,0,0.008645533,0,0,0,0.406340058,0,0.002881844,0,0,0,0,0.074927954,0.04610951,0.023054755,0,0,0.438040346,syllabus342,341
343,0,0.005494505,0.395604396,0,0.010989011,0,0,0.401098901,0,0,0.010989011,0,0,0,0,0.17032967,0.005494505,0,0,0,syllabus343,342
344,0,0,0,0,0,0,0.140703518,0.115577889,0,0,0.281407035,0,0,0.015075377,0.005025126,0.065326633,0.005025126,0.035175879,0,0.336683417,syllabus344,343
345,0,0.005347594,0.005347594,0,0,0.037433155,0.016042781,0.352941176,0.07486631,0,0,0.005347594,0.010695187,0,0,0.016042781,0,0,0.475935829,0,syllabus345,344
346,0,0,0.01618123,0,0,0.003236246,0,0.13592233,0,0,0,0,0.158576052,0,0.009708738,0.540453074,0.071197411,0,0.003236246,0.061488673,syllabus346,345
347,0,0,0,0,0,0.013888889,0,0,0,0,0.833333333,0,0,0.069444444,0.055555556,0,0,0,0,0.027777778,syllabus347,346
348,0.008695652,0,0,0,0.028985507,0.136231884,0.046376812,0.246376812,0.043478261,0.008695652,0,0,0.455072464,0,0,0.017391304,0,0.008695652,0,0,syllabus348,347
349,0,0,0.743055556,0.013888889,0.041666667,0,0,0.173611111,0,0,0,0,0.013888889,0.006944444,0,0,0,0,0,0.006944444,syllabus349,348
350,0,0.099009901,0,0,0.178217822,0.00990099,0.00990099,0.04950495,0.178217822,0.425742574,0,0,0.02970297,0,0.01980198,0,0,0,0,0,syllabus350,349
351,0,0.492248062,0.003875969,0,0.003875969,0,0,0.410852713,0,0,0,0,0,0,0.003875969,0,0,0,0.085271318,0,syllabus351,350
352,0,0,0.285067873,0,0,0.013574661,0,0.099547511,0.42081448,0,0.027149321,0,0.040723982,0,0.022624434,0.090497738,0,0,0,0,syllabus352,351
353,0,0.006451613,0.025806452,0.051612903,0,0.012903226,0.058064516,0.24516129,0.006451613,0.012903226,0.548387097,0,0,0,0,0.032258065,0,0,0,0,syllabus353,352
354,0,0.101694915,0.008474576,0,0,0,0.042372881,0.440677966,0.228813559,0.127118644,0,0,0,0,0,0.050847458,0,0,0,0,syllabus354,353
355,0.805785124,0,0,0,0,0,0,0.090909091,0.074380165,0,0.004132231,0,0,0.004132231,0,0,0.004132231,0.004132231,0.004132231,0.008264463,syllabus355,354
356,0,0,0,0.002475248,0,0,0,0.334158416,0.128712871,0.492574257,0,0,0.002475248,0,0,0,0.03960396,0,0,0,syllabus356,355
357,0,0,0.271084337,0,0.015060241,0.003012048,0.13253012,0.34939759,0,0.009036145,0,0,0,0,0,0,0.126506024,0,0.093373494,0,syllabus357,356
358,0.108974359,0.128205128,0,0,0.006410256,0,0,0.307692308,0.230769231,0,0,0.064102564,0.025641026,0,0.006410256,0,0.044871795,0.012820513,0.064102564,0,syllabus358,357
359,0,0.708474576,0,0,0.062711864,0,0,0.083050847,0.144067797,0,0,0,0,0,0,0,0,0.001694915,0,0,syllabus359,358
360,0,0.012269939,0.006134969,0,0.122699387,0.478527607,0,0,0.343558282,0,0,0,0,0,0.012269939,0,0,0.012269939,0,0.012269939,syllabus360,359
361,0.659090909,0.002840909,0,0.002840909,0,0,0,0.292613636,0.002840909,0.002840909,0,0.022727273,0,0.014204545,0,0,0,0,0,0,syllabus361,360
362,0,0,0,0,0,0,0,0.55351682,0.012232416,0,0.033639144,0,0,0.272171254,0.006116208,0,0,0,0.119266055,0.003058104,syllabus362,361
363,0,0.005291005,0,0,0,0,0.015873016,0.206349206,0,0,0.037037037,0.005291005,0,0,0,0.005291005,0,0.005291005,0.714285714,0.005291005,syllabus363,362
364,0.025641026,0,0.007326007,0,0,0,0,0.271062271,0.003663004,0,0.025641026,0,0.450549451,0.025641026,0.025641026,0.146520147,0.018315018,0,0,0,syllabus364,363
365,0,0.011792453,0,0,0,0,0,0.443396226,0,0,0,0.535377358,0,0,0.004716981,0,0,0,0,0.004716981,syllabus365,364
366,0,0.003731343,0.02238806,0,0,0.014925373,0.003731343,0.309701493,0,0,0,0.611940299,0,0.026119403,0.003731343,0,0.003731343,0,0,0,syllabus366,365
367,0,0.216828479,0.006472492,0.003236246,0,0,0.003236246,0.430420712,0.009708738,0,0.012944984,0,0,0,0,0,0.28802589,0.022653722,0.006472492,0,syllabus367,366
368,0,0.353293413,0,0,0,0,0,0.461077844,0.02994012,0.005988024,0,0,0.131736527,0,0.005988024,0.011976048,0,0,0,0,syllabus368,367
369,0,0.003322259,0.598006645,0.003322259,0,0,0,0.245847176,0.009966777,0,0.006644518,0,0,0.003322259,0,0.11627907,0.003322259,0,0,0.009966777,syllabus369,368
370,0,0.014423077,0,0,0,0,0.461538462,0.442307692,0.033653846,0.004807692,0.024038462,0,0,0,0,0.004807692,0.004807692,0,0.004807692,0.004807692,syllabus370,369
371,0.004854369,0,0,0,0.004854369,0,0,0.361650485,0,0.058252427,0,0,0.009708738,0,0,0.560679612,0,0,0,0,syllabus371,370
372,0,0,0.456747405,0,0,0,0,0.186851211,0.020761246,0,0.138408304,0,0.121107266,0,0.010380623,0,0.017301038,0,0,0.048442907,syllabus372,371
373,0,0.004950495,0,0.004950495,0,0.004950495,0,0.227722772,0,0,0.742574257,0.004950495,0.00990099,0,0,0,0,0,0,0,syllabus373,372
374,0,0.12962963,0.148148148,0.092592593,0,0,0.055555556,0.185185185,0.259259259,0,0,0,0,0.092592593,0,0.037037037,0,0,0,0,syllabus374,373
375,0.007604563,0,0.003802281,0.019011407,0.3878327,0,0.011406844,0.509505703,0,0.045627376,0.003802281,0,0,0,0,0.003802281,0,0.003802281,0.003802281,0,syllabus375,374
376,0,0.488095238,0.002380952,0,0.007142857,0.004761905,0,0.326190476,0.097619048,0,0.004761905,0,0.047619048,0.002380952,0.002380952,0,0.016666667,0,0,0,syllabus376,375
377,0,0.32244898,0.008163265,0,0.004081633,0,0.13877551,0.346938776,0.036734694,0.089795918,0,0.032653061,0.004081633,0.004081633,0,0,0,0.012244898,0,0,syllabus377,376
378,0.006185567,0.07628866,0,0,0,0.039175258,0,0.490721649,0.002061856,0,0.004123711,0,0,0,0,0,0,0.367010309,0,0.01443299,syllabus378,377
379,0.441176471,0,0.362745098,0,0,0,0,0.058823529,0.058823529,0,0.009803922,0,0,0,0,0,0.068627451,0,0,0,syllabus379,378
380,0,0,0,0,0.001628664,0.011400651,0,0.190553746,0.553745928,0.004885993,0,0,0,0,0,0,0.011400651,0.001628664,0.214983713,0.009771987,syllabus380,379
381,0.002949853,0.017699115,0,0.002949853,0.333333333,0.02359882,0.014749263,0.427728614,0,0,0.005899705,0,0,0,0.017699115,0.15339233,0,0,0,0,syllabus381,380
382,0,0.34,0,0,0.005,0,0,0.27,0.045,0,0,0,0,0,0,0.225,0,0,0.115,0,syllabus382,381
383,0,0,0,0,0,0,0,0.296296296,0.131687243,0.008230453,0,0.559670782,0,0,0,0,0,0,0,0.004115226,syllabus383,382
384,0,0.034482759,0,0.006896552,0.013793103,0,0,0.310344828,0,0,0.003448276,0.020689655,0.017241379,0.020689655,0.006896552,0,0.565517241,0,0,0,syllabus384,383
385,0.492581602,0,0,0.005934718,0.002967359,0,0.002967359,0.228486647,0,0,0.246290801,0,0.002967359,0,0,0,0,0,0.017804154,0,syllabus385,384
386,0,0,0,0,0.040540541,0,0,0.135135135,0.094594595,0,0.027027027,0,0,0.013513514,0,0,0.067567568,0,0.621621622,0,syllabus386,385
387,0.002890173,0.002890173,0,0,0.020231214,0,0.00867052,0.130057803,0.01734104,0,0.774566474,0,0.005780347,0,0,0,0,0.034682081,0,0.002890173,syllabus387,386
388,0,0.606284658,0,0,0,0,0,0.367837338,0,0,0,0.003696858,0.022181146,0,0,0,0,0,0,0,syllabus388,387
389,0,0,0,0,0.010204082,0,0,0.282312925,0.105442177,0.360544218,0,0,0.003401361,0.003401361,0,0.003401361,0.003401361,0,0.227891156,0,syllabus389,388
390,0,0,0.00621118,0.00310559,0.00621118,0,0.00310559,0.549689441,0.00931677,0.270186335,0.068322981,0,0.052795031,0,0.00621118,0,0,0.02484472,0,0,syllabus390,389
391,0,0.253521127,0.492957746,0.028169014,0,0,0.028169014,0,0.070422535,0.042253521,0,0,0,0,0,0,0.070422535,0,0.014084507,0,syllabus391,390
392,0.242152466,0,0.006726457,0.31838565,0,0,0.044843049,0.271300448,0.006726457,0,0,0.00896861,0.060538117,0,0.00896861,0.024663677,0,0,0,0.006726457,syllabus392,391
393,0,0.41509434,0,0.037735849,0.028301887,0,0,0.094339623,0.358490566,0,0,0,0.028301887,0,0.009433962,0.009433962,0,0,0.018867925,0,syllabus393,392
394,0.424403183,0.021220159,0.100795756,0,0.00265252,0.00530504,0.00530504,0.214854111,0.023872679,0,0,0.153846154,0,0,0.037135279,0.00530504,0,0,0,0.00530504,syllabus394,393
395,0.033333333,0,0,0.009090909,0,0.015151515,0,0.384848485,0.151515152,0.103030303,0,0.006060606,0,0.251515152,0.012121212,0.018181818,0,0.003030303,0.006060606,0.006060606,syllabus395,394
396,0.17791411,0,0,0.527607362,0,0,0.024539877,0.251533742,0,0,0,0,0,0,0,0,0.015337423,0,0,0.003067485,syllabus396,395
397,0.025773196,0,0.00257732,0,0.06443299,0.56185567,0,0.25,0,0.012886598,0,0,0.067010309,0,0.00257732,0,0.00257732,0,0.010309278,0,syllabus397,396
398,0,0.00390625,0.109375,0,0,0.0078125,0.00390625,0.359375,0,0,0,0.4296875,0,0.00390625,0,0.04296875,0.03515625,0.00390625,0,0,syllabus398,397
399,0.019189765,0,0.004264392,0,0,0,0,0.358208955,0,0,0,0.002132196,0,0.002132196,0.029850746,0.004264392,0.066098081,0,0.501066098,0.012793177,syllabus399,398
400,0,0.006342495,0,0,0.076109937,0.00845666,0.078224101,0.306553911,0.002114165,0.002114165,0,0,0.496828753,0.00422833,0.012684989,0.002114165,0,0.00422833,0,0,syllabus400,399
401,0,0.037593985,0.368421053,0.015037594,0,0,0.015037594,0.180451128,0.052631579,0,0,0,0.330827068,0,0,0,0,0,0,0,syllabus401,400
402,0,0,0.011363636,0,0,0,0,0.481060606,0,0,0.007575758,0,0,0,0,0.007575758,0.431818182,0,0.003787879,0.056818182,syllabus402,401
403,0,0,0.071729958,0,0,0,0.016877637,0.198312236,0.012658228,0,0.594936709,0.021097046,0.004219409,0,0,0,0.080168776,0,0,0,syllabus403,402
404,0.029411765,0,0,0,0.067647059,0,0.520588235,0.302941176,0,0,0,0,0,0.035294118,0,0.044117647,0,0,0,0,syllabus404,403
405,0,0.393939394,0,0,0.070707071,0,0,0.252525253,0.181818182,0,0.01010101,0,0,0,0.01010101,0,0.080808081,0,0,0,syllabus405,404
406,0.69005848,0.002923977,0,0.002923977,0,0,0.002923977,0.239766082,0,0.011695906,0,0.005847953,0,0,0.01754386,0.023391813,0,0,0,0.002923977,syllabus406,405
407,0,0,0,0.00203666,0,0,0.00203666,0.156822811,0,0,0.82688391,0,0.00203666,0,0,0,0.00203666,0,0.00814664,0,syllabus407,406
408,0,0.512953368,0,0,0,0,0,0.461139896,0.015544041,0,0.005181347,0,0,0,0,0,0,0,0,0.005181347,syllabus408,407
409,0.349794239,0,0.004115226,0,0.008230453,0.041152263,0,0.279835391,0.090534979,0,0.209876543,0.004115226,0,0,0,0.004115226,0.008230453,0,0,0,syllabus409,408
410,0.44,0,0,0,0,0,0,0.04,0.226666667,0,0.16,0,0,0,0.093333333,0.026666667,0,0.013333333,0,0,syllabus410,409
411,0.155102041,0,0,0,0,0.004081633,0.002040816,0.206122449,0,0,0,0.008163265,0,0,0,0,0.002040816,0.620408163,0.002040816,0,syllabus411,410
412,0,0.208955224,0.014925373,0.044776119,0.059701493,0,0,0.298507463,0,0,0,0,0,0,0,0,0,0.358208955,0.014925373,0,syllabus412,411
413,0.047826087,0.356521739,0.013043478,0,0,0,0.004347826,0.217391304,0.186956522,0.004347826,0.004347826,0.008695652,0.034782609,0.02173913,0,0,0.008695652,0.091304348,0,0,syllabus413,412
414,0.003246753,0.181818182,0,0,0,0,0.012987013,0.402597403,0,0,0,0.006493506,0.003246753,0,0.012987013,0,0.220779221,0.152597403,0.003246753,0,syllabus414,413
415,0,0,0.567391304,0.006521739,0.013043478,0,0,0.143478261,0.034782609,0,0,0.030434783,0,0.002173913,0.004347826,0.004347826,0.004347826,0.189130435,0,0,syllabus415,414
416,0,0.449438202,0,0,0.016853933,0,0,0.230337079,0,0,0,0,0.176966292,0.002808989,0,0,0,0.123595506,0,0,syllabus416,415
417,0,0.208333333,0,0.006944444,0,0,0.013888889,0.041666667,0,0,0,0,0,0,0.027777778,0.0625,0.006944444,0.631944444,0,0,syllabus417,416
418,0,0.302631579,0,0,0,0,0,0.309210526,0,0.111842105,0.026315789,0.009868421,0.003289474,0,0,0,0,0.233552632,0.003289474,0,syllabus418,417
419,0,0,0,0.003095975,0.009287926,0,0,0.424148607,0.003095975,0.244582043,0,0.00619195,0,0.003095975,0,0,0,0.306501548,0,0,syllabus419,418
420,0,0,0.306590258,0,0,0,0,0.338108883,0.005730659,0,0,0,0.209169054,0,0.00286533,0,0,0.106017192,0.031518625,0,syllabus420,419
421,0.025263158,0,0.004210526,0,0,0,0,0.155789474,0,0,0,0.016842105,0,0,0,0.018947368,0.151578947,0.621052632,0.002105263,0.004210526,syllabus421,420
422,0.047619048,0.595238095,0.101190476,0,0.011904762,0,0.005952381,0.178571429,0,0.041666667,0.011904762,0,0,0,0.005952381,0,0,0,0,0,syllabus422,421
423,0,0,0.609022556,0,0,0,0,0.135338346,0,0,0,0,0,0,0.003759398,0.078947368,0.003759398,0.161654135,0.007518797,0,syllabus423,422
424,0,0.013888889,0.013888889,0,0,0,0,0.270833333,0.013888889,0.645833333,0,0,0,0,0,0.041666667,0,0,0,0,syllabus424,423
425,0.008426966,0.036516854,0,0.002808989,0.014044944,0.002808989,0,0.199438202,0.435393258,0.008426966,0.005617978,0.042134831,0.025280899,0,0.005617978,0.005617978,0.014044944,0.08988764,0.103932584,0,syllabus425,424
426,0,0,0,0.026548673,0,0.008849558,0.646017699,0,0.017699115,0.008849558,0.256637168,0,0.008849558,0,0,0,0,0.026548673,0,0,syllabus426,425
427,0,0.310344828,0,0,0.003134796,0,0,0.235109718,0,0,0,0.003134796,0.015673981,0,0,0,0,0.432601881,0,0,syllabus427,426
428,0,0,0,0,0,0,0,0.495145631,0.087378641,0.359223301,0,0.019417476,0,0,0.009708738,0.019417476,0,0.009708738,0,0,syllabus428,427
429,0,0,0.78,0,0,0,0.07,0.06,0,0.01,0,0.02,0,0,0,0.02,0.04,0,0,0,syllabus429,428
430,0,0.005555556,0,0,0,0,0,0.294444444,0,0,0,0.005555556,0,0,0,0,0,0.2,0.494444444,0,syllabus430,429
431,0,0,0.006896552,0,0.031034483,0.013793103,0.027586207,0.306896552,0,0.013793103,0.010344828,0.003448276,0,0.168965517,0.134482759,0.227586207,0,0.055172414,0,0,syllabus431,430
432,0,0.007518797,0,0.003759398,0.009398496,0,0.253759398,0.421052632,0,0,0.015037594,0.001879699,0.054511278,0.003759398,0.003759398,0.062030075,0,0.163533835,0,0,syllabus432,431
433,0.032154341,0.061093248,0.006430868,0,0.099678457,0.122186495,0,0.311897106,0,0.009646302,0.045016077,0,0,0,0.01607717,0,0.019292605,0.234726688,0.032154341,0.009646302,syllabus433,432
434,0,0,0,0.005988024,0.005988024,0,0.002994012,0.350299401,0.008982036,0.526946108,0.005988024,0.017964072,0,0,0,0.002994012,0,0.071856287,0,0,syllabus434,433
435,0.010989011,0.214285714,0.024725275,0,0,0.002747253,0.002747253,0.25,0.005494505,0.002747253,0.032967033,0.035714286,0.302197802,0,0.005494505,0.005494505,0.032967033,0.065934066,0,0.005494505,syllabus435,434
436,0,0,0.333333333,0,0,0,0,0,0.252873563,0,0,0,0.287356322,0,0,0.011494253,0.114942529,0,0,0,syllabus436,435
437,0.007079646,0.010619469,0.196460177,0.001769912,0,0.012389381,0,0.191150442,0,0,0.008849558,0,0.499115044,0,0.010619469,0,0,0.02300885,0,0.038938053,syllabus437,436
438,0,0.108433735,0.012048193,0.012048193,0,0,0,0.253012048,0.240963855,0.313253012,0,0,0,0,0,0.048192771,0,0,0.012048193,0,syllabus438,437
439,0,0,0,0,0.146551724,0.543103448,0,0.00862069,0.284482759,0,0.00862069,0,0,0,0.00862069,0,0,0,0,0,syllabus439,438
440,0,0,0,0,0,0,0.56122449,0.323979592,0,0,0.00255102,0.00255102,0.00255102,0,0,0,0.00255102,0.099489796,0.00255102,0.00255102,syllabus440,439
441,0,0,0,0,0.053299492,0,0.581218274,0.281725888,0.010152284,0,0,0,0.017766497,0.005076142,0,0,0,0.050761421,0,0,syllabus441,440
442,0,0.008264463,0.008264463,0,0,0.008264463,0,0.371900826,0,0.462809917,0,0.008264463,0.115702479,0,0,0,0,0,0.016528926,0,syllabus442,441
443,0,0.00877193,0,0,0,0,0,0.605263158,0,0.350877193,0.01754386,0,0,0,0.00877193,0,0,0,0,0.00877193,syllabus443,442
444,0.003405221,0.004540295,0.66969353,0,0,0.005675369,0.035187287,0.17707151,0.039727582,0,0,0.001135074,0,0,0.021566402,0,0,0.04199773,0,0,syllabus444,443
445,0,0,0,0,0.003724395,0.057728119,0,0.296089385,0.005586592,0.43575419,0,0,0.167597765,0,0,0,0,0.033519553,0,0,syllabus445,444
446,0,0.02467344,0.001451379,0.001451379,0,0,0.01161103,0.229317852,0,0,0.007256894,0.223512337,0.002902758,0,0,0.120464441,0.004354136,0.371552975,0,0.001451379,syllabus446,445
447,0,0,0,0,0,0.001187648,0,0.343230404,0.007125891,0.124703088,0,0.001187648,0.020190024,0,0,0.009501188,0,0.17695962,0.302850356,0.013064133,syllabus447,446
448,0,0.027726433,0,0,0.06284658,0,0.001848429,0.149722736,0,0.036968577,0,0,0.471349353,0,0,0,0,0.247689464,0,0.001848429,syllabus448,447
449,0.013513514,0.007722008,0.036679537,0,0.034749035,0.007722008,0,0.384169884,0.025096525,0,0.007722008,0,0.361003861,0,0,0.007722008,0.003861004,0.108108108,0,0.001930502,syllabus449,448
450,0,0,0,0.001375516,0.554332875,0.067400275,0.005502063,0.213204952,0.002751032,0.001375516,0,0.002751032,0,0,0.030261348,0,0,0.103163686,0,0.017881706,syllabus450,449
451,0,0.003952569,0,0,0.005928854,0,0,0.296442688,0,0.523715415,0,0,0.001976285,0,0,0.001976285,0,0.164031621,0.001976285,0,syllabus451,450
452,0,0,0,0.02,0,0.003333333,0.003333333,0.303333333,0,0.073333333,0.03,0,0.003333333,0,0,0,0.04,0.513333333,0.006666667,0.003333333,syllabus452,451
453,0.00295421,0,0,0.00295421,0.087149188,0.454948301,0,0.35745938,0.001477105,0.00295421,0,0,0,0,0,0,0.001477105,0.088626292,0,0,syllabus453,452
454,0,0.008605852,0,0,0,0,0.00172117,0.168674699,0.005163511,0,0,0,0.600688468,0.00172117,0,0,0,0.208261618,0.00172117,0.003442341,syllabus454,453
455,0,0.676691729,0,0,0.007518797,0,0,0.120300752,0.112781955,0,0,0.007518797,0.07518797,0,0,0,0,0,0,0,syllabus455,454
456,0,0,0,0.009433962,0.003773585,0,0,0.449056604,0.003773585,0.386792453,0,0.013207547,0,0.009433962,0,0.003773585,0,0.047169811,0.073584906,0,syllabus456,455
457,0,0,0.517647059,0,0.051470588,0.004411765,0,0.057352941,0,0,0,0.011764706,0.151470588,0.001470588,0,0,0,0.202941176,0.001470588,0,syllabus457,456
458,0.028089888,0,0.865168539,0.005617978,0,0.039325843,0,0,0.039325843,0,0.005617978,0,0,0,0.005617978,0.005617978,0.005617978,0,0,0,syllabus458,457
459,0,0,0,0.02994012,0,0.01996008,0.001996008,0.321357285,0,0.017964072,0,0,0.401197605,0.001996008,0.02994012,0,0,0.175648703,0,0,syllabus459,458
460,0,0,0.002967359,0,0.002967359,0,0,0.362017804,0.002967359,0.005934718,0.03264095,0.367952522,0,0,0,0,0,0.222551929,0,0,syllabus460,459
461,0.301204819,0,0,0.100401606,0,0,0.070281124,0.315261044,0,0,0.080321285,0.006024096,0.002008032,0,0.048192771,0,0.018072289,0.058232932,0,0,syllabus461,460
462,0.00140647,0,0.324894515,0,0,0,0.00281294,0.113924051,0,0.00281294,0.00281294,0,0.360056259,0.00281294,0,0,0,0.182841069,0.005625879,0,syllabus462,461
463,0,0,0,0,0,0,0,0.213530655,0.002114165,0.238900634,0,0,0.205073996,0,0.002114165,0,0,0.315010571,0,0.023255814,syllabus463,462
464,0,0,0,0,0.104927007,0.678832117,0,0.151459854,0,0.000912409,0,0,0.001824818,0,0.00729927,0,0,0.054744526,0,0,syllabus464,463
465,0,0,0.007930214,0.001586043,0,0,0,0.203013481,0.008723236,0.490880254,0,0,0,0,0,0,0,0.287866772,0,0,syllabus465,464
466,0.007905138,0.422924901,0,0,0,0.003952569,0.011857708,0.079051383,0.276679842,0,0,0,0,0,0,0,0,0.197628458,0,0,syllabus466,465
467,0,0,0,0,0.001103753,0.001103753,0,0.296909492,0,0.001103753,0,0,0,0,0,0,0,0.086092715,0.613686534,0,syllabus467,466
468,0,0,0,0,0,0,0,0.327651515,0.005681818,0.59280303,0,0,0,0.003787879,0,0,0.001893939,0.068181818,0,0,syllabus468,467
469,0,0.483870968,0.006451613,0,0,0,0,0.35483871,0.04516129,0.04516129,0.04516129,0.006451613,0,0,0,0,0,0.006451613,0.006451613,0,syllabus469,468
470,0,0.003215434,0.006430868,0,0,0,0,0.327974277,0,0,0,0,0,0,0,0,0,0.353697749,0.308681672,0,syllabus470,469
471,0.047619048,0.311688312,0.002164502,0.015151515,0.012987013,0.023809524,0.002164502,0.303030303,0,0.004329004,0,0,0,0,0,0,0.012987013,0.261904762,0,0.002164502,syllabus471,470
472,0,0.005594406,0.627972028,0,0,0,0.011188811,0.032167832,0.001398601,0,0,0,0,0,0,0,0,0.321678322,0,0,syllabus472,471
473,0.011441648,0,0.009153318,0.009153318,0.041189931,0.066361556,0,0.304347826,0.025171625,0,0,0,0.018306636,0.00228833,0.009153318,0.004576659,0,0.47826087,0,0.020594966,syllabus473,472
474,0.017857143,0.0625,0,0.017857143,0,0,0,0,0.151785714,0,0.026785714,0.026785714,0.008928571,0,0,0,0.526785714,0,0.017857143,0.142857143,syllabus474,473
475,0,0,0.001078749,0,0.003236246,0.010787487,0,0.147788565,0.026968716,0.004314995,0.09600863,0,0.001078749,0,0.002157497,0,0.001078749,0.703344121,0.002157497,0,syllabus475,474
476,0,0.065789474,0,0.003289474,0,0,0.003289474,0.322368421,0.042763158,0.019736842,0,0,0.019736842,0,0.003289474,0,0.065789474,0.427631579,0.023026316,0.003289474,syllabus476,475
477,0,0,0.001949318,0,0.06042885,0.588693957,0,0.175438596,0,0,0.007797271,0,0,0,0,0,0,0.165692008,0,0,syllabus477,476
478,0,0.028169014,0,0,0,0,0,0.267605634,0.070422535,0.007042254,0,0,0.190140845,0,0,0.042253521,0,0,0.394366197,0,syllabus478,477
479,0.000829187,0,0.000276396,0,0.130182421,0.648977336,0,0.218352681,0,0,0,0,0.000552792,0,0,0,0.000276396,0.000276396,0,0.000276396,syllabus479,478
480,0.055374593,0.016286645,0.586319218,0,0,0.009771987,0,0.325732899,0,0,0,0,0,0,0,0.003257329,0,0,0,0.003257329,syllabus480,479
481,0,0.169054441,0,0,0,0.05730659,0,0.23782235,0.53008596,0,0,0,0,0.00286533,0,0,0,0,0.00286533,0,syllabus481,480
482,0,0,0,0,0,0,0,0.522537563,0.110183639,0.01836394,0.003338898,0,0,0,0.033388982,0,0,0.003338898,0.30884808,0,syllabus482,481
483,0,0.004016064,0,0.011044177,0,0,0.719879518,0.191767068,0.008032129,0.004016064,0.013052209,0,0,0,0,0,0.001004016,0.001004016,0.046184739,0,syllabus483,482
484,0.00330033,0,0.01320132,0,0.00660066,0.01980198,0,0.188118812,0,0.135313531,0,0.00330033,0.511551155,0,0,0.115511551,0.00330033,0,0,0,syllabus484,483
485,0,0.005524862,0,0.005524862,0.598526703,0.005524862,0,0.300184162,0.018416206,0.001841621,0,0,0.001841621,0.001841621,0.060773481,0,0,0,0,0,syllabus485,484
486,0.52,0.017142857,0,0,0,0.022857143,0.04,0.142857143,0.211428571,0,0.011428571,0,0.017142857,0,0,0,0,0.017142857,0,0,syllabus486,485
487,0.006976744,0.013953488,0.674418605,0,0,0.002325581,0.002325581,0.227906977,0,0.002325581,0.013953488,0.004651163,0,0.002325581,0.002325581,0.025581395,0,0,0,0.020930233,syllabus487,486
488,0.123287671,0.0456621,0.493150685,0,0.00456621,0,0,0,0.123287671,0.00456621,0.00913242,0,0.00456621,0,0.100456621,0,0,0,0,0.091324201,syllabus488,487
489,0,0.003846154,0,0,0,0.673076923,0,0.065384615,0.253846154,0,0,0,0.003846154,0,0,0,0,0,0,0,syllabus489,488
490,0.001187648,0,0,0,0,0.001187648,0,0.452494062,0.001187648,0.001187648,0,0.520190024,0,0.004750594,0.010688836,0,0,0.003562945,0.002375297,0.001187648,syllabus490,489
491,0,0,0.089416058,0,0,0.005474453,0,0.248175182,0,0,0,0.001824818,0.649635036,0,0,0.003649635,0.001824818,0,0,0,syllabus491,490
492,0,0,0.005988024,0.01497006,0,0,0.038922156,0.047904192,0.278443114,0,0.01497006,0,0,0,0,0,0,0.038922156,0.008982036,0.550898204,syllabus492,491
493,0,0,0.002325581,0,0,0,0.553488372,0.355813953,0.025581395,0,0,0,0.006976744,0.009302326,0,0,0,0.013953488,0,0.03255814,syllabus493,492
494,0,0,0,0,0.117277487,0.566492147,0.00104712,0.309947644,0,0,0.003141361,0.00104712,0,0.00104712,0,0,0,0,0,0,syllabus494,493
495,0,0.005338078,0.005338078,0,0,0,0,0.366548043,0,0,0.021352313,0.558718861,0.001779359,0.012455516,0.001779359,0,0.005338078,0,0.021352313,0,syllabus495,494
496,0.008403361,0.00280112,0.428571429,0,0,0,0.06162465,0.218487395,0.140056022,0.014005602,0,0.00280112,0,0,0,0.078431373,0,0,0,0.044817927,syllabus496,495
497,0.002227171,0,0.614699332,0.008908686,0,0,0.0155902,0.291759465,0,0,0,0,0,0,0,0.004454343,0.046770601,0,0.0155902,0,syllabus497,496
498,0.010147601,0,0,0,0,0.642066421,0,0.29704797,0.04704797,0,0.000922509,0,0,0,0.000922509,0.000922509,0,0.000922509,0,0,syllabus498,497
499,0,0,0.01,0,0.04,0,0,0.44,0.07,0,0.01,0,0,0.02,0,0.01,0,0.01,0.39,0,syllabus499,498
500,0.004237288,0,0,0,0.31779661,0.398305085,0,0.008474576,0.220338983,0,0,0,0,0.004237288,0,0.042372881,0,0,0.004237288,0,syllabus500,499
501,0.024489796,0,0,0,0,0.024489796,0.493877551,0.444897959,0,0,0,0,0.008163265,0,0,0.004081633,0,0,0,0,syllabus501,500
502,0,0.123364486,0.104672897,0,0,0,0.005607477,0.272897196,0,0.001869159,0,0,0.48411215,0.005607477,0,0.001869159,0,0,0,0,syllabus502,501
503,0.074468085,0,0,0,0,0.606382979,0,0.170212766,0.138297872,0.005319149,0.005319149,0,0,0,0,0,0,0,0,0,syllabus503,502
504,0,0,0,0.006666667,0.073333333,0.013333333,0.006666667,0.233333333,0.026666667,0,0,0,0,0.506666667,0,0,0,0.126666667,0,0.006666667,syllabus504,503
505,0.002512563,0,0.101758794,0.001256281,0,0,0,0.310301508,0.17839196,0,0.012562814,0.366834171,0.002512563,0,0,0.021356784,0.002512563,0,0,0,syllabus505,504
506,0,0.009345794,0.024299065,0,0,0,0,0.482242991,0,0,0,0,0,0.001869159,0,0.024299065,0.018691589,0,0.439252336,0,syllabus506,505
507,0,0,0.000958773,0,0.031639501,0.016299137,0,0.374880153,0,0,0.005752637,0,0,0.466922339,0.072866731,0.024928092,0.000958773,0,0.004793864,0,syllabus507,506
508,0,0,0.088740458,0,0,0,0,0.215648855,0.001908397,0,0,0,0.691793893,0,0,0.000954198,0.000954198,0,0,0,syllabus508,507
509,0,0.078014184,0.026595745,0,0,0,0.556737589,0.156028369,0,0,0.161347518,0,0,0,0,0,0.005319149,0,0,0.015957447,syllabus509,508
510,0.265625,0,0.00390625,0,0.18359375,0.015625,0,0.40625,0,0,0,0,0,0,0,0.10546875,0.0078125,0,0,0.01171875,syllabus510,509
511,0,0,0.001984127,0,0,0,0.708333333,0.246031746,0.001984127,0,0.015873016,0.009920635,0,0,0,0,0,0.011904762,0.003968254,0,syllabus511,510
512,0,0,0,0.039938556,0.001536098,0.006144393,0.006144393,0.359447005,0,0.531490015,0,0,0.046082949,0,0,0,0.001536098,0,0.001536098,0.006144393,syllabus512,511
513,0.035335689,0.007067138,0,0,0,0,0.003533569,0.402826855,0,0.035335689,0,0,0.017667845,0,0,0,0.06360424,0,0.434628975,0,syllabus513,512
514,0,0,0,0,0.72962963,0.07037037,0,0.178703704,0.000925926,0.000925926,0,0,0.017592593,0,0,0,0,0.000925926,0.000925926,0,syllabus514,513
515,0,0,0,0,0,0,0,0.5328,0.0016,0,0.3616,0.0208,0.0064,0,0,0,0.0416,0.008,0.0272,0,syllabus515,514
516,0.002352941,0,0,0,0.023529412,0.004705882,0,0.4,0,0,0,0.023529412,0.536470588,0,0.002352941,0,0,0,0.007058824,0,syllabus516,515
517,0,0,0,0.001077586,0.155172414,0.528017241,0.001077586,0.28987069,0.019396552,0,0,0,0,0,0.002155172,0.001077586,0.002155172,0,0,0,syllabus517,516
518,0.005272408,0,0.711775044,0,0,0.001757469,0.035149385,0.196836555,0.003514938,0,0.033391916,0.005272408,0,0,0,0.001757469,0.005272408,0,0,0,syllabus518,517
519,0,0.014545455,0,0,0.005454545,0,0.009090909,0.194545455,0.06,0,0,0,0.010909091,0.654545455,0,0,0.001818182,0,0,0.049090909,syllabus519,518
520,0.017647059,0.142647059,0,0,0.004411765,0,0.042647059,0.398529412,0,0.027941176,0,0,0.338235294,0.008823529,0.005882353,0,0,0.013235294,0,0,syllabus520,519
521,0,0.005122951,0.00307377,0,0.00307377,0,0.00102459,0.268442623,0,0.004098361,0,0.709016393,0.006147541,0,0,0,0,0,0,0,syllabus521,520
522,0,0,0.020089286,0.082589286,0,0.006696429,0.676339286,0.091517857,0.069196429,0,0.026785714,0.006696429,0.002232143,0.011160714,0.002232143,0,0,0.004464286,0,0,syllabus522,521