caseId,docketId,caseIssuesId,voteId,dateDecision,decisionType,usCite,term,naturalCourt,chief,docket,caseName,dateArgument,dateRearg,petitioner,petitionerState,respondent,respondentState,jurisdiction,adminAction,adminActionState,threeJudgeFdc,caseOrigin,caseOriginState,caseSource,caseSourceState,lcDisagreement,certReason,lcDisposition,lcDispositionDirection,declarationUncon,caseDisposition,caseDispositionUnusual,partyWinning,precedentAlteration,voteUnclear,issue,issueArea,decisionDirection,decisionDirectionDissent,authorityDecision1,authorityDecision2,lawType,lawSupp,lawMinor,majOpinWriter,majOpinAssigner,splitVote,majVotes,minVotes,landmark,protected,multipledec,majority,dissent,novote,lat,long
1918-168,1918-168-01,1918-168-01-01,1918-168-01-01-01,3/3/1919,1.0,249 U.S. 47,1918,905,White,437,SCHENCK v. UNITED STATES,1/9/1919,,126.0,,27.0,,13.0,,,0.0,109.0,,109.0,,0.0,1.0,,1.0,1.0,2.0,0.0,0.0,0.0,0.0,30060.0,3.0,1.0,0.0,4.0,,3.0,346.0,,59.0,56.0,1,9,0,Yes,No,No,"[95, 58, 59, 60, 64, 66, 67, 68, 69]",,,39.951529,-75.15111800000001
1919-014,1919-014-01,1919-014-01-01,1919-014-01-01-01,11/10/1919,1.0,250 U.S. 616,1919,905,White,316,ABRAMS et al. v. UNITED STATES,10/21/1919,,142.0,,27.0,,13.0,,,0.0,96.0,,96.0,,0.0,1.0,,1.0,1.0,2.0,0.0,0.0,0.0,0.0,30060.0,3.0,1.0,0.0,3.0,,9.0,900.0,,69.0,56.0,1,7,2,Yes,No,No,"[56, 58, 60, 64, 66, 67, 69]","[59, 68]",,40.713663000000004,-74.00086999999999
1924-169,1924-169-01,1924-169-01-01,1924-169-01-01-01,6/8/1925,1.0,268 U.S. 652,1924,1005,Taft,19,GITLOW v. PEOPLE OF NEW YORK,4/12/1923,11/23/1923,126.0,,28.0,37.0,13.0,,,0.0,302.0,37.0,300.0,37.0,0.0,1.0,2.0,1.0,1.0,2.0,0.0,0.0,0.0,0.0,30010.0,3.0,1.0,0.0,2.0,,2.0,200.0,,73.0,70.0,1,7,2,Yes,No,Yes,,,,42.649638,-73.750235
1930-059,1930-059-01,1930-059-01-01,1930-059-01-01-01,5/18/1931,1.0,283 U.S. 359,1930,1102,Hughes,584,STROMBERG v. CALIFORNIA,4/15/1931,,126.0,,28.0,6.0,2.0,,,0.0,302.0,6.0,300.0,6.0,0.0,1.0,9.0,2.0,3.0,2.0,0.0,0.0,0.0,0.0,30010.0,3.0,2.0,0.0,2.0,,2.0,200.0,,75.0,75.0,1,7,2,Yes,No,No,"[75, 59, 64, 68, 71, 74, 76]","[67, 72]",,37.781946999999995,-122.418145
1936-115,1936-115-01,1936-115-01-01,1936-115-01-01-01,4/26/1937,1.0,301 U.S. 242,1936,1103,Hughes,474,"HERNDON v. LOWRY, SHERIFF",2/8/1937,,215.0,,8.0,13.0,2.0,117.0,13.0,0.0,302.0,13.0,300.0,13.0,0.0,1.0,6.0,1.0,3.0,4.0,0.0,1.0,0.0,0.0,30060.0,3.0,2.0,0.0,3.0,,9.0,900.0,,76.0,75.0,1,5,4,Yes,Yes,No,"[76, 63, 68, 74, 77]","[64, 67, 71, 72]",,32.8372,-83.62544799999999
1939-012,1939-012-01,1939-012-01-01,1939-012-01-01-01,11/22/1939,1.0,308 U.S. 147,1939,1107,Hughes,11,SCHNEIDER v. STATE (TOWN OF IRVINGTON),10/13/1939,,126.0,,3.0,35.0,1.0,,,0.0,302.0,35.0,300.0,35.0,0.0,10.0,2.0,2.0,4.0,2.0,0.0,0.0,0.0,0.0,30010.0,3.0,2.0,0.0,2.0,,2.0,200.0,,76.0,75.0,1,7,1,Yes,No,No,"[76, 75, 72, 74, 78, 79, 80, 81, 67]",,,40.72959,-74.17282900000001
1939-082,1939-082-01,1939-082-01-01,1939-082-01-01-01,4/22/1940,1.0,310 U.S. 88,1939,1108,Hughes,514,THORNHILL v. ALABAMA,2/29/1940,,126.0,,28.0,1.0,1.0,117.0,1.0,0.0,302.0,1.0,301.0,1.0,0.0,10.0,2.0,2.0,3.0,2.0,0.0,0.0,0.0,0.0,30010.0,3.0,2.0,0.0,2.0,,8.0,800.0,,82.0,75.0,1,8,1,Yes,No,No,"[82, 75, 74, 76, 78, 79, 80, 81]",[67],,32.375105,-86.30960999999999
1940-152,1940-152-01,1940-152-01-01,1940-152-01-01-01,3/31/1941,1.0,312 U.S. 569,1940,1108,Hughes,502,COX et al. v. NEW HAMPSHIRE,3/7/1941,,130.0,,28.0,34.0,2.0,,,0.0,302.0,34.0,300.0,34.0,0.0,1.0,2.0,1.0,1.0,2.0,0.0,0.0,0.0,0.0,30010.0,3.0,1.0,0.0,2.0,4.0,8.0,800.0,,75.0,75.0,1,8,0,Yes,No,No,"[75, 74, 76, 78, 79, 80, 81, 82]",,,43.201826000000004,-71.539846
1941-137,1941-137-01,1941-137-01-01,1941-137-01-01-01,4/13/1942,1.0,316 U.S. 52,1941,1202,Stone,707,"VALENTINE, POLICE COMMISSIONER OF THE CITY OF NEW YORK, v. CHRESTENSEN",3/31/1942,,19.0,37.0,218.0,,1.0,117.0,37.0,0.0,96.0,,22.0,,0.0,12.0,2.0,2.0,1.0,3.0,0.0,1.0,0.0,0.0,30020.0,3.0,1.0,0.0,2.0,,2.0,200.0,,76.0,74.0,1,9,0,Yes,No,No,"[74, 111, 78, 79, 80, 81, 82, 83, 55]",,,40.713663000000004,-74.00086999999999
1947-098,1947-098-01,1947-098-01-01,1947-098-01-01-01,6/7/1948,1.0,334 U.S. 558,1947,1301,Vinson,504,SAIA v. NEW YORK,3/30/1948,,130.0,,28.0,37.0,2.0,,,0.0,302.0,37.0,300.0,37.0,0.0,1.0,2.0,1.0,4.0,3.0,0.0,1.0,0.0,0.0,30010.0,3.0,2.0,0.0,2.0,,2.0,200.0,,81.0,87.0,1,5,4,Yes,Yes,No,"[81, 87, 78, 82, 85]","[80, 79, 86, 84]",,42.649638,-73.750235
1948-074,1948-074-01,1948-074-01-01,1948-074-01-01-01,5/16/1949,1.0,337 U.S. 1,1948,1301,Vinson,272,TERMINIELLO v. CHICAGO,2/1/1949,,218.0,,3.0,17.0,1.0,,,0.0,302.0,17.0,300.0,17.0,0.0,10.0,2.0,1.0,4.0,3.0,0.0,1.0,0.0,0.0,30010.0,3.0,2.0,0.0,2.0,,2.0,200.0,,81.0,87.0,1,5,4,Yes,Yes,No,"[81, 78, 79, 82, 85]","[87, 80, 84, 86]",,41.878703,-87.62893199999999
1950-026,1950-026-01,1950-026-01-01,1950-026-01-01-01,1/15/1951,1.0,340 U.S. 315,1950,1303,Vinson,93,FEINER v. NEW YORK,10/17/1950,,223.0,,28.0,37.0,1.0,,,0.0,302.0,37.0,300.0,37.0,0.0,12.0,2.0,1.0,1.0,2.0,0.0,0.0,0.0,0.0,30010.0,3.0,1.0,0.0,2.0,,2.0,200.0,,87.0,87.0,1,6,3,Yes,No,No,"[87, 80, 79, 55, 86, 88]","[78, 81, 89]",,42.649638,-73.750235
1950-089,1950-089-01,1950-089-01-01,1950-089-01-01-01,6/4/1951,7.0,341 U.S. 494,1950,1303,Vinson,336,DENNIS ET AL. v. UNITED STATES,12/4/1950,,100.0,,27.0,,1.0,,,0.0,96.0,37.0,22.0,,0.0,12.0,2.0,1.0,1.0,2.0,0.0,0.0,0.0,0.0,30060.0,3.0,1.0,0.0,1.0,,2.0,207.0,,87.0,87.0,1,6,2,Yes,No,Yes,"[87, 79, 86, 89, 80, 84]","[78, 81]",[88],40.713663000000004,-74.00086999999999
1951-071,1951-071-01,1951-071-01-01,1951-071-01-01-01,4/28/1952,1.0,343 U.S. 250,1951,1303,Vinson,118,BEAUHARNAIS v. ILLINOIS,11/28/1951,,218.0,,28.0,17.0,1.0,,,0.0,302.0,17.0,300.0,17.0,0.0,10.0,2.0,1.0,1.0,2.0,0.0,0.0,0.0,0.0,30030.0,3.0,1.0,0.0,2.0,,2.0,200.0,,80.0,87.0,1,5,4,Yes,No,No,"[80, 87, 86, 88, 89]","[78, 79, 81, 84]",,41.878703,-87.62893199999999
1956-108,1956-108-01,1956-108-01-01,1956-108-01-01-01,6/17/1957,1.0,354 U.S. 178,1956,1405,Warren,261,WATKINS v. UNITED STATES,3/7/1957,,254.0,,27.0,,1.0,,,0.0,55.0,,32.0,,1.0,10.0,2.0,1.0,1.0,4.0,0.0,1.0,0.0,0.0,30050.0,3.0,2.0,0.0,1.0,,2.0,207.0,,90.0,90.0,1,6,1,Yes,Yes,No,"[90, 78, 80, 81, 45, 92]",[88],"[86, 93]",38.892894,-77.016234
1956-129,1956-129-01,1956-129-01-01,1956-129-01-01-01,6/24/1957,1.0,354 U.S. 476,1956,1405,Warren,582,ROTH v. UNITED STATES,4/22/1957,,117.0,,27.0,,1.0,,,0.0,96.0,,22.0,,0.0,12.0,2.0,1.0,1.0,2.0,0.0,0.0,0.0,0.0,30200.0,3.0,1.0,0.0,1.0,,6.0,600.0,18 U.S.C. § 1461,92.0,90.0,1,6,3,Yes,No,Yes,,,,40.713663000000004,-74.00086999999999
1957-146,1957-146-01,1957-146-01-01,1957-146-01-01-01,6/30/1958,1.0,357 U.S. 449,1957,1405,Warren,91,"NATIONAL ASSOCIATION FOR THE ADVANCEMENT OF COLORED PEOPLE v. ALABAMA ex rel. PATTERSON, ATTORNEY GENERAL",1/15/1958,,223.0,,19.0,1.0,1.0,,,0.0,302.0,1.0,300.0,1.0,0.0,10.0,9.0,1.0,1.0,4.0,0.0,1.0,0.0,0.0,30010.0,3.0,2.0,0.0,2.0,,2.0,201.0,,91.0,90.0,1,9,0,Yes,Yes,No,"[91, 90, 78, 81, 88, 92, 94, 95, 96]",,,32.375105,-86.30960999999999
1960-111,1960-111-01,1960-111-01-01,1960-111-01-01-01,6/5/1961,1.0,367 U.S. 1,1960,1406,Warren,12,COMMUNIST PARTY OF THE UNITED STATES v. SUBVERSIVE ACTIVITIES CONTROL BOARD,10/11/1960,,211.0,,403.0,,1.0,103.0,,0.0,32.0,,32.0,,1.0,10.0,2.0,1.0,1.0,2.0,0.0,0.0,0.0,0.0,30060.0,3.0,1.0,0.0,1.0,,3.0,369.0,,80.0,80.0,1,5,4,Yes,No,No,"[80, 88, 91, 93, 94]","[90, 78, 81, 92]",,38.892894,-77.016234
1962-032,1962-032-01,1962-032-01-01,1962-032-01-01-01,1/14/1963,1.0,371 U.S. 415,1962,1408,Warren,5,"NATIONAL ASSOCIATION FOR THE ADVANCEMENT OF COLORED PEOPLE v. BUTTON, ATTORNEY GENERAL OF VIRGINIA, et al.",11/8/1961,10/9/1962,223.0,,19.0,55.0,1.0,,,0.0,302.0,55.0,300.0,55.0,0.0,12.0,2.0,1.0,3.0,3.0,0.0,1.0,0.0,0.0,30010.0,3.0,2.0,0.0,2.0,,2.0,200.0,,92.0,90.0,1,6,3,Yes,Yes,No,"[92, 90, 78, 81, 96, 95]","[91, 88, 94]",,37.268627,-79.944337
1962-052,1962-052-01,1962-052-01-01,1962-052-01-01-01,2/25/1963,1.0,372 U.S. 229,1962,1408,Warren,86,EDWARDS et al. v. SOUTH CAROLINA,12/13/1962,,223.0,,28.0,48.0,1.0,,,0.0,302.0,48.0,300.0,48.0,0.0,11.0,2.0,1.0,1.0,3.0,0.0,1.0,0.0,0.0,30150.0,3.0,2.0,0.0,2.0,,2.0,200.0,,94.0,90.0,1,8,1,Yes,Yes,No,"[90, 78, 81, 45, 92, 94, 95, 96]",[88],,34.010011999999996,-81.04217
1963-158,1963-158-01,1963-158-01-01,1963-158-01-01-01,6/22/1964,7.0,378 U.S. 184,1963,1408,Warren,11,JACOBELLIS v. OHIO,3/26/1963,4/1/1964,156.0,,28.0,41.0,2.0,,,0.0,302.0,41.0,300.0,41.0,0.0,1.0,2.0,1.0,1.0,3.0,0.0,1.0,0.0,0.0,30190.0,3.0,2.0,0.0,2.0,3.0,2.0,200.0,,92.0,78.0,1,6,3,Yes,Yes,No,"[78, 81, 92, 94, 95, 96]","[90, 88, 91]",,41.49644,-81.697544
1964-034,1964-034-01,1964-034-01-01,1964-034-01-01-01,1/18/1965,1.0,379 U.S. 536,1964,1408,Warren,24,COX v. LOUISIANA,10/21/1964,,223.0,,28.0,22.0,2.0,,,0.0,302.0,22.0,300.0,22.0,0.0,1.0,2.0,1.0,3.0,3.0,0.0,1.0,0.0,0.0,30150.0,3.0,2.0,0.0,2.0,,2.0,200.0,,96.0,90.0,1,9,0,Yes,Yes,No,"[90, 81, 92, 94, 96]","[78, 88, 91, 95]",,30.449964,-91.182479
1964-111,1964-111-01,1964-111-01-01,1964-111-01-01-01,5/24/1965,1.0,381 U.S. 301,1964,1408,Warren,491,"LAMONT, DBA BASIC PAMPHLETS v. POSTMASTER GENERAL",4/26/1965,,211.0,,412.0,,2.0,112.0,,1.0,96.0,,96.0,,1.0,1.0,,1.0,2.0,3.0,0.0,1.0,0.0,0.0,30010.0,3.0,2.0,0.0,1.0,,6.0,600.0,39 U.S.C. § 4008,81.0,90.0,1,8,0,Yes,Yes,No,"[90, 78, 81, 88, 45, 92, 94, 96]",,[95],40.713663000000004,-74.00086999999999
1966-044,1966-044-01,1966-044-01-01,1966-044-01-01-01,1/23/1967,1.0,385 U.S. 589,1966,1409,Warren,105,KEYISHIAN et al. v. BOARD OF REGENTS OF THE UNIVERSITY OF THE STATE OF NEW YORK et al.,11/17/1966,,8.0,37.0,26.0,37.0,2.0,,,1.0,97.0,,97.0,,0.0,1.0,,1.0,3.0,4.0,0.0,1.0,1.0,0.0,30110.0,3.0,2.0,0.0,2.0,,2.0,200.0,,92.0,90.0,1,5,4,Yes,Yes,No,"[90, 78, 81, 92, 97]","[88, 91, 94, 95]",,42.887584000000004,-78.87852600000001
1967-106,1967-106-01,1967-106-01-01,1967-106-01-01-01,4/22/1968,1.0,390 U.S. 629,1967,1410,Warren,47,GINSBERG v. NEW YORK,1/16/1968,,117.0,,28.0,37.0,2.0,,,0.0,302.0,37.0,301.0,37.0,0.0,1.0,2.0,1.0,1.0,2.0,0.0,0.0,0.0,0.0,30190.0,3.0,1.0,0.0,2.0,,2.0,200.0,,92.0,90.0,1,6,3,Yes,No,,,,,42.649638,-73.750235
1967-135,1967-135-01,1967-135-01-01,1967-135-01-01-01,5/27/1968,1.0,391 U.S. 367,1967,1410,Warren,232,UNITED STATES v. O'BRIEN,1/24/1968,,27.0,,142.0,,1.0,,,0.0,80.0,,21.0,,0.0,2.0,3.0,2.0,1.0,8.0,0.0,1.0,0.0,0.0,30150.0,3.0,1.0,0.0,1.0,,3.0,366.0,,90.0,90.0,1,7,1,Yes,No,No,"[90, 45, 92, 94, 95, 98]","[78, 81, 97]",,42.353734,-71.047063
1968-043,1968-043-01,1968-043-01-01,1968-043-01-01-01,2/24/1969,1.0,393 U.S. 503,1968,1410,Warren,21,TINKER et al. v. DES MOINES INDEPENDENT COMMUNITY SCHOOL DISTRICT et al.,11/12/1968,,239.0,,21.0,19.0,1.0,117.0,19.0,0.0,71.0,,28.0,,1.0,12.0,2.0,1.0,1.0,4.0,0.0,1.0,0.0,0.0,30150.0,3.0,2.0,0.0,2.0,,2.0,200.0,,97.0,90.0,1,7,2,Yes,Yes,No,"[90, 78, 91, 92, 94, 95, 97]",[81],[98],41.587548999999996,-93.615212
1968-078,1968-078-01,1968-078-01-01,1968-078-01-01-01,4/7/1969,1.0,394 U.S. 557,1968,1410,Warren,293,STANLEY v. GEORGIA,1/14/1969,,156.0,,28.0,13.0,2.0,,,0.0,302.0,13.0,300.0,13.0,0.0,1.0,2.0,1.0,3.0,4.0,0.0,1.0,0.0,0.0,30190.0,3.0,2.0,0.0,2.0,,2.0,200.0,,98.0,90.0,1,9,0,Yes,Yes,No,"[90, 81, 92, 94, 95, 97, 98]","[78, 81]",,32.8372,-83.62544799999999
1968-121,1968-121-01,1968-121-01-01,1968-121-01-01-01,6/9/1969,1.0,395 U.S. 367,1968,1411,Warren,2,"RED LION BROADCASTING CO., INC., et al. v. FEDERAL COMMUNICATIONS COMMISSION et al.",4/2/1969,,221.0,,338.0,,1.0,38.0,,0.0,32.0,,32.0,,0.0,12.0,2.0,2.0,1.0,2.0,0.0,0.0,0.0,0.0,30010.0,3.0,2.0,0.0,5.0,1.0,2.0,200.0,,95.0,90.0,1,7,0,Yes,No,No,"[90, 78, 81, 45, 92, 94, 95, 97, 98]",,,38.892894,-77.016234
1968-124,1968-124-01,1968-124-01-01,1968-124-01-01-01,6/9/1969,6.0,395 U.S. 444,1968,1411,Warren,492,BRANDENBURG v. OHIO,2/27/1969,,218.0,,28.0,41.0,2.0,,,0.0,302.0,41.0,300.0,41.0,0.0,1.0,9.0,1.0,3.0,3.0,0.0,1.0,1.0,0.0,30010.0,3.0,2.0,0.0,2.0,,2.0,200.0,,,90.0,1,8,0,Yes,Yes,No,"[90, 95, 78, 91, 94, 98, 92,]",,[81],41.49644,-81.697544
1970-121,1970-121-01,1970-121-01-01,1970-121-01-01-01,6/7/1971,1.0,403 U.S. 15,1970,1502,Burger,299,COHEN v. CALIFORNIA,2/22/1971,,218.0,,28.0,6.0,2.0,,,0.0,302.0,6.0,301.0,6.0,1.0,1.0,2.0,1.0,1.0,3.0,0.0,1.0,0.0,0.0,30150.0,3.0,2.0,0.0,2.0,,2.0,200.0,,91.0,81.0,1,5,4,Yes,Yes,No,"[90, 95, 78, 91, 94, 98, 92, 81]",,,37.781946999999995,-122.418145
1971-158,1971-158-01,1971-158-01-01,1971-158-01-01-01,6/22/1972,1.0,407 U.S. 551,1971,1504,Burger,71-492,"LLOYD CORP., LTD. v. TANNER et al.",4/18/1972,,235.0,,218.0,,1.0,,,0.0,108.0,,29.0,,0.0,11.0,2.0,2.0,1.0,4.0,0.0,1.0,0.0,0.0,30010.0,3.0,1.0,0.0,2.0,,2.0,200.0,,101.0,99.0,1,5,4,Yes,Yes,No,"[81, 91, 92, 94, 98]","[99, 95, 78, 100]",,45.516039,-122.676302
1972-158,1972-158-01,1972-158-01-01,1972-158-01-01-01,6/21/1973,1.0,413 U.S. 15,1972,1504,Burger,70-73,MILLER v. CALIFORNIA,1/18/1972,11/7/1972,101.0,,28.0,6.0,2.0,,,0.0,302.0,6.0,302.0,6.0,0.0,1.0,2.0,1.0,1.0,5.0,0.0,1.0,1.0,0.0,30190.0,3.0,1.0,1.0,2.0,,2.0,200.0,,99.0,99.0,1,5,4,Yes,Yes,No,"[99, 95, 100, 101, 102]","[81, 92, 94, 98]",,37.781946999999995,-122.418145
1972-159,1972-159-01,1972-159-01-01,1972-159-01-01-01,6/21/1973,1.0,413 U.S. 49,1972,1504,Burger,71-1051,"PARIS ADULT THEATRE I et al. v. SLATON, DISTRICT ATTORNEY, et al.",10/19/1972,,156.0,,28.0,13.0,1.0,,,0.0,302.0,13.0,300.0,13.0,0.0,12.0,3.0,1.0,1.0,5.0,0.0,1.0,0.0,0.0,30190.0,3.0,1.0,1.0,2.0,,2.0,200.0,,99.0,99.0,1,5,4,Yes,Yes,No,"[99, 95, 100, 101, 102]","[81, 92, 94, 98]",,32.8372,-83.62544799999999
1973-162,1973-162-01,1973-162-01-01,1973-162-01-01-01,6/25/1974,1.0,418 U.S. 323,1973,1504,Burger,72-617,"GERTZ v. ROBERT WELCH, INC.",11/14/1973,,111.0,,178.0,,1.0,,,0.0,66.0,,27.0,,0.0,11.0,2.0,2.0,1.0,4.0,0.0,1.0,0.0,0.0,30030.0,3.0,1.0,0.0,2.0,,2.0,200.0,,101.0,99.0,1,7,2,Yes,Yes,No,"[99, 95, 100, 101, 102]","[81, 92, 94, 98]",,41.878703,-87.62893199999999
1975-033,1975-033-01,1975-033-01-01,1975-033-01-01-01,1/30/1976,6.0,424 U.S. 1,1975,1506,Burger,75-436,"BUCKLEY et al. v. VALEO, SECRETARY OF THE UNITED STATES SENATE, et al.",11/10/1975,,23.0,,343.0,,2.0,,,1.0,55.0,,32.0,,0.0,1.0,2.0,1.0,2.0,6.0,0.0,1.0,0.0,0.0,30140.0,3.0,2.0,0.0,1.0,,1.0,135.0,,,92.0,1,7,1,Yes,No,Yes,,,,38.892894,-77.016234
1975-146,1975-146-01,1975-146-01-01,1975-146-01-01-01,6/24/1976,1.0,427 U.S. 50,1975,1506,Burger,75-312,"YOUNG, MAYOR OF DETROIT, et al. v. AMERICAN MINI THEATRES, INC., et al.",3/24/1976,,3.0,27.0,242.0,,1.0,,,0.0,81.0,,26.0,,1.0,10.0,3.0,2.0,1.0,3.0,0.0,1.0,0.0,0.0,30190.0,3.0,1.0,0.0,2.0,,2.0,200.0,,103.0,99.0,1,5,4,Yes,No,Yes,,,,42.330363,-83.04977199999999
1976-088,1976-088-01,1976-088-01-01,1976-088-01-01-01,4/20/1977,1.0,430 U.S. 705,1976,1506,Burger,75-1453,"WOOLEY, CHIEF OF POLICE OF LEBANON, et al. v. MAYNARD ET UX.",11/29/1976,,28.0,34.0,130.0,,2.0,,,1.0,91.0,,91.0,,0.0,1.0,,2.0,3.0,2.0,0.0,0.0,0.0,0.0,30160.0,3.0,2.0,0.0,2.0,,2.0,202.0,,99.0,99.0,1,6,3,Yes,Yes,No,"[99, 95, 101, 102, 103]","[92, 94, 98, 100]",,43.201826000000004,-71.539846
1977-073,1977-073-01,1977-073-01-01,1977-073-01-01-01,4/26/1978,1.0,435 U.S. 765,1977,1506,Burger,76-1172,"FIRST NATIONAL BANK OF BOSTON et al. v. BELLOTTI, ATTORNEY GENERAL OF MASSACHUSETTS",11/9/1977,,113.0,,28.0,26.0,2.0,,,0.0,300.0,26.0,300.0,26.0,0.0,1.0,,1.0,3.0,3.0,0.0,1.0,0.0,0.0,30140.0,3.0,1.0,0.0,2.0,,2.0,200.0,,101.0,99.0,1,5,4,Yes,Yes,No,"[99, 92, 94, 98, 101, 103]","[95, 100, 102]",,42.359215,-71.061128
1979-154,1979-154-01,1979-154-01-01,1979-154-01-01-01,7/2/1980,7.0,448 U.S. 555,1979,1506,Burger,79-243,"RICHMOND NEWSPAPERS, INC., et al. v. VIRGINIA et al.",2/19/1980,,190.0,,28.0,55.0,1.0,,,0.0,302.0,55.0,300.0,55.0,0.0,11.0,2.0,1.0,1.0,3.0,0.0,1.0,0.0,0.0,30010.0,3.0,2.0,0.0,2.0,,2.0,200.0,,99.0,99.0,1,7,1,Yes,Yes,No,"[99, 94, 100, 101, 103]","[92, 95, 98, 102]",,37.268627,-79.944337
1981-175,1981-175-01,1981-175-01-01,1981-175-01-01-01,7/2/1982,1.0,458 U.S. 886,1981,1507,Burger,81-202,NATIONAL ASSOCIATION FOR THE ADVANCEMENT OF COLORED PEOPLE et al. v. CLAIBORNE HARDWARE CO. et al.,3/3/1982,,222.0,,238.0,,1.0,,,0.0,302.0,29.0,300.0,29.0,0.0,12.0,6.0,1.0,1.0,4.0,0.0,1.0,0.0,0.0,30150.0,3.0,2.0,0.0,2.0,,2.0,200.0,,103.0,99.0,1,8,0,Yes,Yes,No,"[99, 92, 94, 95, 98, 100, 103]",[102],[101],34.367206,-89.521461
1983-155,1983-155-01,1983-155-01-01,1983-155-01-01-01,7/2/1984,1.0,468 U.S. 364,1983,1507,Burger,82-912,FEDERAL COMMUNICATIONS COMMISSION v. LEAGUE OF WOMEN VOTERS OF CALIFORNIA et al.,1/16/1984,,338.0,,211.0,,2.0,,,0.0,48.0,,48.0,,0.0,1.0,,2.0,2.0,2.0,0.0,0.0,0.0,0.0,30010.0,3.0,2.0,0.0,1.0,,6.0,600.0,47 U.S.C. § 399,92.0,92.0,1,5,4,Yes,Yes,No,"[103, 99, 92, 95, 100, 101, 102, 103, 104]",,[98],34.053532000000004,-118.246629
1983-162,1983-162-01,1983-162-01-01,1983-162-01-01-01,7/3/1984,1.0,468 U.S. 609,1983,1507,Burger,83-724,"ROBERTS, ACTING COMMISSIONER, MINNESOTA DEPARTMENT OF HUMAN RIGHTS, et al. v. UNITED STATES JAYCEES",4/18/1984,,19.0,28.0,131.0,,2.0,117.0,28.0,0.0,83.0,,28.0,,1.0,1.0,3.0,2.0,1.0,3.0,0.0,1.0,0.0,0.0,30010.0,3.0,1.0,0.0,2.0,,2.0,201.0,,92.0,92.0,1,7,0,Yes,No,,,,,44.978226,-93.26476600000001
1984-052,1984-052-01,1984-052-01-01,1984-052-01-01-01,3/19/1985,1.0,470 U.S. 598,1984,1507,Burger,83-1292,WAYTE v. UNITED STATES,11/6/1984,,142.0,,27.0,,1.0,107.0,,0.0,48.0,,29.0,,1.0,3.0,3.0,1.0,1.0,2.0,0.0,0.0,0.0,0.0,30130.0,3.0,1.0,0.0,1.0,,2.0,200.0,,101.0,99.0,1,7,2,Yes,No,No,"[92, 98, 100, 101, 104]","[99, 95, 102, 103]",,34.053532000000004,-118.246629
1986-151,1986-151-01,1986-151-01-01,1986-151-01-01-01,6/24/1987,1.0,483 U.S. 378,1986,1601,Rehnquist,85-2068,RANKIN et al. v. MCPHERSON,3/23/1987,,19.0,51.0,11.0,51.0,1.0,,,0.0,121.0,,25.0,,0.0,12.0,4.0,2.0,1.0,2.0,0.0,0.0,0.0,0.0,30010.0,3.0,2.0,0.0,2.0,,2.0,200.0,,98.0,92.0,1,5,4,Yes,Yes,Yes,"[92, 95, 98, 101, 102, 103, 104]",,"[99, 100]",29.761108,-95.36739200000001
1987-019,1987-019-01,1987-019-01-01,1987-019-01-01-01,1/13/1988,1.0,484 U.S. 260,1987,1602,Rehnquist,86-836,HAZELWOOD SCHOOL DISTRICT et al. v. KUHLMEIER et al.,10/13/1987,,21.0,30.0,239.0,,1.0,,,0.0,86.0,,28.0,,1.0,12.0,3.0,2.0,1.0,3.0,0.0,1.0,0.0,0.0,30010.0,3.0,1.0,0.0,2.0,,2.0,200.0,,95.0,102.0,1,5,3,Yes,No,No,"[99, 95, 100, 101, 102, 103, 104]","[92, 98]",,38.625492,-90.19710500000001
1987-035,1987-035-01,1987-035-01-01,1987-035-01-01-01,2/24/1988,1.0,485 U.S. 46,1987,1603,Rehnquist,86-1278,HUSTLER MAGAZINE AND LARRY C. FLYNT v. JERRY FALWELL,12/2/1987,,178.0,,130.0,,1.0,,,0.0,127.0,,24.0,,1.0,10.0,2.0,1.0,1.0,3.0,0.0,1.0,0.0,0.0,30030.0,3.0,2.0,0.0,1.0,,2.0,200.0,,102.0,102.0,1,8,0,Yes,Yes,No,"[92, 98, 100, 101, 103]","[102, 95, 104, 105]",,37.268627,-79.944337
1988-124,1988-124-01,1988-124-01-01,1988-124-01-01-01,6/21/1989,1.0,491 U.S. 397,1988,1603,Rehnquist,88-155,TEXAS v. JOHNSON,3/21/1989,,28.0,51.0,218.0,,1.0,,,0.0,302.0,51.0,300.0,51.0,0.0,12.0,3.0,2.0,3.0,2.0,0.0,0.0,0.0,0.0,30150.0,3.0,2.0,0.0,2.0,,2.0,200.0,,92.0,92.0,1,5,4,Yes,Yes,No,"[102, 95, 103, 104, 105]","[92, 98, 100]",,29.761108,-95.36739200000001
1989-103,1989-103-01,1989-103-01-01,1989-103-01-01-01,6/11/1990,1.0,496 U.S. 310,1989,1603,Rehnquist,89-1433,"UNITED STATES v. SHAWN D. EICHMAN, DAVID GERALD BLALOCK AND SCOTT W. TYLER",5/14/1990,,27.0,,218.0,,2.0,,,0.0,55.0,,55.0,,0.0,1.0,,2.0,2.0,2.0,0.0,0.0,0.0,0.0,30150.0,3.0,2.0,0.0,1.0,,6.0,600.0,18 U.S.C. § 700,92.0,92.0,1,5,4,Yes,Yes,No,"[102, 92, 98, 100, 103, 104, 105, 95]",,[106],38.892894,-77.016234
1990-115,1990-115-01,1990-115-01-01,1990-115-01-01-01,6/20/1991,1.0,501 U.S. 496,1990,1604,Rehnquist,89-1799,"JEFFREY M. MASSON v. NEW YORKER MAGAZINE, INC., ALFRED A. KNOPF, INC. AND JANET MALCOLM",1/14/1991,,206.0,,178.0,,1.0,,,0.0,50.0,,29.0,,1.0,12.0,2.0,2.0,1.0,4.0,0.0,1.0,0.0,0.0,30030.0,3.0,2.0,1.0,1.0,,2.0,200.0,,106.0,102.0,1,7,2,Yes,Yes,No,"[92, 98, 100, 105, 106]","[102, 95, 103, 104]",,37.781946999999995,-122.418145
1990-117,1990-117-01,1990-117-01-01,1990-117-01-01-01,6/21/1991,7.0,501 U.S. 560,1990,1604,Rehnquist,90-26,"MICHAEL BARNES, PROSECUTING ATTORNEY OF ST. JOSEPH COUNTY, INDIANA, et al. v. GLEN THEATRE, INC., et al.",1/8/1991,,28.0,18.0,109.0,,1.0,,,0.0,68.0,,27.0,,1.0,12.0,3.0,2.0,1.0,3.0,0.0,1.0,0.0,0.0,30190.0,3.0,1.0,0.0,2.0,,2.0,200.0,,102.0,102.0,1,5,4,Yes,No,No,"[92, 98, 100, 105, 106]","[102, 95, 103, 104]",,41.615237,-87.521192
1991-105,1991-105-01,1991-105-01-01,1991-105-01-01-01,6/22/1992,1.0,505 U.S. 377,1991,1605,Rehnquist,90-7675,"RAV v. CITY OF ST. PAUL, MINNESOTA",12/4/1991,,175.0,,3.0,28.0,1.0,,,0.0,302.0,28.0,300.0,28.0,0.0,12.0,4.0,1.0,4.0,4.0,0.0,1.0,0.0,0.0,30150.0,3.0,2.0,0.0,2.0,,2.0,200.0,,105.0,102.0,1,9,0,Yes,Yes,No,"[102, 98, 100, 103, 104, 106, 107]","[95, 105]",,44.978226,-93.26476600000001
1992-086,1992-086-01,1992-086-01-01,1992-086-01-01-01,6/7/1993,1.0,508 U.S. 384,1992,1605,Rehnquist,91-2024,LAMB'S CHAPEL AND JOHN STEIGERWALD v. CENTER MORICHES UNION FREE SCHOOL DISTRICT et al.,2/24/1993,,130.0,,21.0,37.0,1.0,,,0.0,94.0,,22.0,,0.0,13.0,2.0,1.0,3.0,3.0,0.0,1.0,0.0,0.0,30160.0,3.0,2.0,0.0,2.0,,2.0,200.0,,95.0,102.0,1,9,0,Yes,Yes,No,"[102, 104, 106, 105, 107]","[95, 98, 100, 103]",,40.696771999999996,-73.989343
1996-094,1996-094-01,1996-094-01-01,1996-094-01-01-01,6/26/1997,1.0,521 U.S. 844,1996,1607,Rehnquist,96-511,"JANET RENO, ATTORNEY GENERAL OF THE UNITED STATES, et al. v. AMERICAN CIVIL LIBERTIES UNION et al.",3/19/1997,,1.0,,207.0,,2.0,,,1.0,109.0,,109.0,,0.0,1.0,,2.0,2.0,2.0,0.0,0.0,0.0,0.0,30200.0,3.0,2.0,0.0,1.0,,2.0,200.0,,103.0,102.0,1,9,0,Yes,Yes,No,"[105, 102, 95, 100, 103, 104, 106, 107, 108]",,,39.951529,-75.15111800000001
1997-097,1997-097-01,1997-097-01-01,1997-097-01-01-01,6/25/1998,1.0,524 U.S. 569,1997,1607,Rehnquist,97-371,"NATIONAL ENDOWMENT FOR THE ARTS, et al. v. KAREN FINLEY, et al.",3/31/1998,,379.0,,156.0,,1.0,79.0,,0.0,48.0,,29.0,,1.0,12.0,2.0,2.0,1.0,4.0,0.0,1.0,0.0,0.0,30010.0,3.0,1.0,0.0,1.0,,2.0,200.0,,104.0,102.0,1,8,1,Yes,No,No,"[102, 95, 100, 103, 104, 105, 106, 107, 108]",,,34.053532000000004,-118.246629
1999-041,1999-041-01,1999-041-01-01,1999-041-01-01-01,3/22/2000,1.0,529 U.S. 217,1999,1607,Rehnquist,98-1189,"BOARD OF REGENTS OF THE UNIVERSITY OF WISCONSIN SYSTEM v. SCOTT HAROLD SOUTHWORTH, et al.",11/9/1999,,26.0,58.0,239.0,,1.0,,,0.0,133.0,,27.0,,1.0,3.0,7.0,2.0,1.0,4.0,0.0,1.0,0.0,0.0,30010.0,3.0,1.0,0.0,2.0,,2.0,200.0,,106.0,102.0,1,9,0,Yes,No,No,"[102, 103, 104, 105, 106, 107, 108, 109, 110]",,,43.07378,-89.389131
1999-063,1999-063-01,1999-063-01-01,1999-063-01-01-01,5/22/2000,1.0,529 U.S. 803,1999,1607,Rehnquist,98-1682,"UNITED STATES, et al. v. PLAYBOY ENTERTAINMENT GROUP, INC.",11/30/1999,,27.0,,124.0,,2.0,,,1.0,54.0,,54.0,,0.0,1.0,9.0,2.0,2.0,2.0,0.0,0.0,0.0,0.0,30010.0,3.0,2.0,0.0,1.0,,6.0,600.0,47 U.S.C. § 561,106.0,103.0,1,5,4,Yes,Yes,No,"[102, 103, 104, 106, 109, 110, 105, 108]",[107],,39.743829,-75.547273
2000-071,2000-071-01,2000-071-01-01,2000-071-01-01-01,6/11/2001,1.0,533 U.S. 98,2000,1607,Rehnquist,99-2036,"GOOD NEWS CLUB, et al. v. MILFORD CENTRAL SCHOOL",2/28/2001,,130.0,,21.0,37.0,1.0,,,0.0,95.0,,22.0,,1.0,2.0,2.0,2.0,1.0,4.0,0.0,1.0,0.0,0.0,30170.0,3.0,1.0,0.0,2.0,,2.0,200.0,,108.0,102.0,1,6,3,Yes,Yes,No,"[102, 103, 104, 105, 106, 107, 108, 109, 110]",,,42.649638,-73.750235
2001-082,2001-082-01,2001-082-01-01,2001-082-01-01-01,6/27/2002,1.0,536 U.S. 765,2001,1607,Rehnquist,01-521,"REPUBLICAN PARTY OF MINNESOTA, et al. v. SUZANNE WHITE, CHAIRPERSON, MINNESOTA BOARD OF JUDICIAL STANDARDS, et al.",3/26/2002,,211.0,,4.0,28.0,1.0,117.0,28.0,0.0,83.0,,28.0,,1.0,12.0,2.0,1.0,1.0,4.0,0.0,1.0,0.0,0.0,30010.0,3.0,2.0,0.0,2.0,,2.0,200.0,,105.0,102.0,1,5,4,Yes,Yes,No,"[103, 106, 107, 108, 109]","[102, 104, 105, 110]",,44.978226,-93.26476600000001
2002-039,2002-039-01,2002-039-01-01,2002-039-01-01-01,4/7/2003,1.0,538 U.S. 343,2002,1607,Rehnquist,01-1107,"VIRGINIA v. BARRY ELTON BLACK, RICHARD J. ELLIOTT, AND JONATHAN O'MARA",12/11/2002,,28.0,55.0,218.0,,1.0,,,0.0,302.0,55.0,300.0,55.0,1.0,12.0,7.0,2.0,3.0,4.0,0.0,1.0,0.0,0.0,30150.0,3.0,2.0,0.0,2.0,,2.0,200.0,,104.0,102.0,1,7,2,Yes,No,No,"[108, 102, 104, 105, 106, 110]","[103, 107, 109]",,37.268627,-79.944337
2003-006,2003-006-01,2003-006-01-01,2003-006-01-01-01,12/10/2003,1.0,540 U.S. 93,2003,1607,Rehnquist,02-1674,"MITCH MCCONNELL, UNITED STATES SENATOR, et al. v. FEDERAL ELECTION COMMISSION, et al.",9/8/2003,,23.0,,343.0,,2.0,,,1.0,55.0,,55.0,,0.0,1.0,,3.0,2.0,6.0,0.0,1.0,0.0,0.0,30140.0,3.0,2.0,0.0,1.0,,2.0,200.0,,103.0,103.0,1,5,4,Yes,No,No,"[105, 102, 104, 106, 108]","[103, 107, 109, 110]",,38.892894,-77.016234
2005-058,2005-058-01,2005-058-01-01,2005-058-01-01-01,5/30/2006,1.0,547 U.S. 410,2005,1702,Roberts,04-473,"GIL GARCETTI, et al. v. RICHARD CEBALLOS",10/12/2005,3/21/2006,5.0,6.0,8.0,6.0,1.0,,,0.0,48.0,,29.0,,1.0,12.0,4.0,2.0,1.0,4.0,0.0,1.0,0.0,0.0,30010.0,3.0,1.0,0.0,2.0,,2.0,200.0,,106.0,111.0,1,5,4,Yes,No,No,"[102, 103, 104, 106, 107, 109, 110]","[105, 108]",,34.053532000000004,-118.246629
2006-068,2006-068-01,2006-068-01-01,2006-068-01-01-01,6/25/2007,1.0,551 U.S. 393,2006,1702,Roberts,06-278,"DEBORAH MORSE, et al. v. JOSEPH FREDERICK",3/19/2007,,8.0,2.0,239.0,,1.0,,,0.0,44.0,,29.0,,0.0,11.0,3.0,2.0,1.0,4.0,0.0,1.0,0.0,0.0,30150.0,3.0,1.0,0.0,2.0,,2.0,200.0,,111.0,111.0,1,5,4,Yes,Yes,Yes,,,,61.215118999999994,-149.88503799999998
2009-012,2009-012-01,2009-012-01-01,2009-012-01-01-01,1/21/2010,1.0,558 U.S. 310,2009,1703,Roberts,08-205,CITIZENS UNITED v. FEDERAL ELECTION COMMISSION,3/24/2009,9/9/2009,211.0,,343.0,,2.0,43.0,,1.0,55.0,,55.0,,0.0,1.0,1.0,2.0,2.0,7.0,0.0,1.0,1.0,0.0,30140.0,3.0,1.0,0.0,1.0,,2.0,200.0,,106.0,111.0,1,5,4,Yes,Yes,No,"[111, 105, 106, 108, 112]","[103, 107, 109, 110]",,38.892894,-77.016234
